Date,Open,High,Low,Close,Adj Close,Volume
2009-04-07,45.506172,45.753086,43.259258,44.296295,25.243891,1832000
2009-04-08,44.345680,44.493828,43.111111,44.419754,25.314251,922600
2009-04-09,44.666668,45.012344,43.555557,43.728394,24.920258,929500
2009-04-13,43.308643,44.938271,43.308643,44.592594,25.412743,966200
2009-04-14,44.543209,44.913582,43.975307,43.975307,25.060959,714500
2009-04-15,43.975307,44.395061,43.555557,44.370369,25.286102,714700
2009-04-16,44.469135,45.654320,44.370369,45.506172,25.933380,636100
2009-04-17,45.679012,45.679012,44.790123,45.333332,25.834883,569500
2009-04-20,45.160492,45.160492,44.222221,44.296295,25.243891,764200
2009-04-21,44.197533,44.271606,43.629631,44.098766,25.131317,1055700
2009-04-22,43.925926,44.617283,43.506172,43.901234,25.018747,721100
2009-04-23,43.629631,43.851852,42.839508,43.753086,24.934320,855600
2009-04-24,43.975307,44.320988,43.456791,44.049381,25.103176,559800
2009-04-27,43.703705,45.209877,43.654320,44.938271,25.609745,752500
2009-04-28,44.864197,45.580246,44.617283,45.432098,25.891171,685600
2009-04-29,45.555557,46.296295,45.382717,45.703705,26.045954,869000
2009-04-30,45.901234,45.901234,44.395061,44.691357,25.469032,1484600
2009-05-01,44.617283,45.382717,44.148148,45.382717,25.863024,876400
2009-05-04,45.012344,45.654320,44.740742,45.629631,26.003736,619500
2009-05-05,45.629631,45.629631,44.839508,45.012344,25.651955,653100
2009-05-06,45.308643,45.604939,44.543209,44.814816,25.539385,736100
2009-05-07,45.259258,45.827160,44.839508,45.580246,25.975599,748600
2009-05-08,45.728394,45.827160,45.358025,45.703705,26.045954,617200
2009-05-11,45.012344,45.802467,44.716049,45.506172,25.933380,349600
2009-05-12,45.604939,45.679012,44.864197,45.382717,25.863024,387600
2009-05-13,45.160492,45.333332,43.753086,44.074074,25.117252,623800
2009-05-14,44.296295,44.518520,43.851852,43.975307,25.060959,446800
2009-05-15,43.703705,44.271606,43.432098,44.024693,25.089108,545700
2009-05-18,44.222221,44.222221,42.617283,43.135803,24.582541,1182000
2009-05-19,42.765430,43.259258,42.049381,42.641975,24.301111,1419700
2009-05-20,41.555557,42.938271,39.358025,42.666668,24.315182,2708300
2009-05-21,42.123455,42.641975,41.703705,41.901234,23.878979,1234000
2009-05-22,41.925926,42.271606,41.530865,42.000000,23.935261,752600
2009-05-26,41.925926,43.012344,41.777779,42.345680,24.132259,654100
2009-05-27,42.370369,42.938271,42.172840,42.444443,24.188549,794600
2009-05-28,42.567902,43.160492,42.024693,42.962963,24.484035,543400
2009-05-29,42.987656,43.135803,42.469135,43.135803,24.582541,820000
2009-06-01,43.209877,44.000000,43.209877,43.777779,24.948395,819800
2009-06-02,43.777779,44.296295,43.160492,43.950619,25.046900,1704400
2009-06-03,44.024693,44.345680,43.012344,43.456791,24.765467,1519000
2009-06-04,45.679012,46.790123,45.061729,46.172840,26.313307,2065500
2009-06-05,46.543209,46.888889,46.024693,46.765430,26.651016,879400
2009-06-08,46.345680,46.469135,44.345680,45.308643,25.820814,1828400
2009-06-09,45.530865,45.654320,44.913582,45.012344,25.651955,1029100
2009-06-10,45.259258,45.308643,44.345680,44.814816,25.539385,1088900
2009-06-11,44.839508,45.234570,44.345680,44.493828,25.356455,1655100
2009-06-12,44.419754,44.938271,44.271606,44.814816,25.539385,596800
2009-06-15,44.666668,44.864197,43.975307,44.172840,25.173525,717100
2009-06-16,44.320988,44.444443,43.851852,43.925926,25.032820,714000
2009-06-17,43.925926,44.444443,43.827160,44.246914,25.215742,582700
2009-06-18,44.197533,44.987656,44.049381,44.790123,25.525314,533000
2009-06-19,44.987656,45.209877,44.617283,44.790123,25.525314,558200
2009-06-22,44.469135,45.259258,44.469135,44.888889,25.581600,718600
2009-06-23,45.037037,45.506172,44.617283,45.358025,25.848955,1022800
2009-06-24,45.333332,45.580246,44.913582,45.012344,25.651955,576200
2009-06-25,44.765430,45.382717,44.666668,45.358025,25.848955,466500
2009-06-26,45.358025,45.555557,44.814816,45.432098,25.891171,1413300
2009-06-29,45.382717,45.703705,44.790123,45.703705,26.045954,480300
2009-06-30,45.604939,45.802467,45.259258,45.802467,26.102234,717900
2009-07-01,45.876545,46.172840,45.629631,45.753086,26.074097,766200
2009-07-02,45.456791,45.555557,44.024693,45.012344,25.651955,1901500
2009-07-06,44.716049,44.938271,44.074074,44.469135,25.342384,710800
2009-07-07,44.444443,44.444443,43.407406,43.481480,24.779531,872500
2009-07-08,43.703705,43.703705,42.740742,43.135803,24.582541,871700
2009-07-09,43.382717,43.382717,42.419754,42.469135,24.202614,520100
2009-07-10,42.592594,43.061729,42.172840,42.641975,24.301111,942400
2009-07-13,42.641975,43.382717,42.296295,43.234570,24.638819,661900
2009-07-14,43.185184,43.753086,43.037037,43.679012,24.892109,612100
2009-07-15,43.925926,44.197533,43.530865,44.197533,25.187609,784300
2009-07-16,44.000000,44.691357,43.728394,44.320988,25.257963,1108400
2009-07-17,44.518520,44.666668,43.827160,44.098766,25.131317,552600
2009-07-20,44.222221,44.246914,43.777779,44.222221,25.201672,742800
2009-07-21,44.123455,44.567902,43.827160,44.543209,25.384605,707600
2009-07-22,44.296295,45.382717,44.172840,45.135803,25.722313,657600
2009-07-23,44.814816,45.358025,43.703705,43.925926,25.032820,1314600
2009-07-24,44.074074,44.691357,43.679012,44.469135,25.342384,815500
2009-07-27,44.296295,44.543209,44.172840,44.444443,25.328316,439600
2009-07-28,44.444443,45.012344,44.197533,44.864197,25.567526,506800
2009-07-29,44.691357,44.962963,44.518520,44.864197,25.567526,447400
2009-07-30,44.543209,45.777779,44.543209,45.604939,25.989672,904000
2009-07-31,45.604939,45.802467,44.567902,44.666668,25.454962,733000
2009-08-03,44.938271,44.987656,43.802467,43.802467,24.962467,945000
2009-08-04,44.000000,44.469135,43.604939,44.049381,25.103176,793900
2009-08-05,44.172840,44.197533,43.407406,43.580246,24.835821,456300
2009-08-06,43.629631,43.777779,42.814816,42.913582,24.455898,791500
2009-08-07,43.333332,43.604939,43.135803,43.604939,24.849890,523500
2009-08-10,43.308643,43.802467,43.283951,43.407406,24.737324,411900
2009-08-11,43.407406,43.703705,43.209877,43.209877,24.624754,501600
2009-08-12,43.209877,44.197533,43.209877,43.679012,24.892109,571500
2009-08-13,43.925926,43.925926,43.283951,43.654320,24.878031,621600
2009-08-14,43.481480,43.654320,43.209877,43.506172,24.793608,359300
2009-08-17,43.333332,43.654320,43.111111,43.604939,24.849890,809900
2009-08-18,43.753086,44.469135,43.506172,44.222221,25.201672,886100
2009-08-19,43.802467,44.691357,43.728394,44.543209,25.384605,689800
2009-08-20,44.617283,44.740742,44.370369,44.469135,25.342384,779400
2009-08-21,44.567902,45.185184,44.345680,45.135803,25.722313,634100
2009-08-24,45.111111,45.135803,44.444443,44.567902,25.398674,649400
2009-08-25,44.814816,45.037037,44.469135,44.617283,25.426821,686100
2009-08-26,44.641975,45.160492,44.444443,45.160492,25.736389,537800
2009-08-27,45.160492,45.679012,44.765430,45.580246,25.975599,556800
2009-08-28,45.679012,45.753086,45.333332,45.604939,25.989672,544800
2009-08-31,45.358025,45.679012,45.086418,45.654320,26.017809,800200
2009-09-01,45.432098,45.432098,44.197533,44.938271,25.609745,895200
2009-09-02,45.012344,45.407406,44.493828,44.641975,25.440889,1322800
2009-09-03,45.086418,45.234570,42.790123,44.123455,25.145391,1854200
2009-09-04,44.024693,44.098766,43.234570,43.703705,24.906183,1296600
2009-09-08,43.975307,44.148148,43.506172,43.802467,24.962467,811900
2009-09-09,43.802467,44.320988,43.555557,43.728394,24.920258,602300
2009-09-10,43.654320,44.000000,43.308643,44.000000,25.075037,569100
2009-09-11,44.370369,44.370369,43.703705,43.950619,25.046900,611300
2009-09-14,43.728394,44.345680,43.679012,44.246914,25.215742,748300
2009-09-15,44.074074,44.197533,43.703705,43.777779,24.948395,903700
2009-09-16,43.975307,44.320988,43.728394,43.975307,25.060959,587600
2009-09-17,43.851852,44.172840,43.580246,43.876545,25.004681,627000
2009-09-18,43.925926,44.074074,43.703705,43.728394,24.920258,700800
2009-09-21,43.555557,44.148148,43.432098,44.024693,25.089108,934500
2009-09-22,43.950619,44.098766,43.012344,43.209877,24.624754,1365700
2009-09-23,43.333332,43.703705,43.111111,43.185184,24.610685,983200
2009-09-24,43.259258,43.358025,42.839508,43.061729,24.540327,848300
2009-09-25,42.888889,43.209877,42.641975,42.962963,24.484035,933400
2009-09-28,43.160492,43.506172,43.012344,43.234570,24.638819,1037400
2009-09-29,43.135803,43.802467,42.938271,43.037037,24.526258,1244700
2009-09-30,43.209877,43.333332,42.839508,43.308643,24.681042,885600
2009-10-01,43.308643,43.407406,42.987656,43.111111,24.568470,1265700
2009-10-02,42.790123,43.185184,42.592594,43.111111,24.568470,1174900
2009-10-05,43.086418,43.432098,42.864197,43.407406,24.737324,1336100
2009-10-06,43.506172,44.444443,43.185184,44.320988,25.257963,1266500
2009-10-07,44.370369,45.037037,44.098766,44.691357,25.469032,1026700
2009-10-08,44.716049,46.148148,44.493828,46.123455,26.285156,2168100
2009-10-09,46.024693,46.320988,45.901234,46.320988,26.397736,1015800
2009-10-12,46.320988,46.395061,45.185184,45.407406,25.877089,1595500
2009-10-13,45.308643,45.456791,44.814816,45.111111,25.708242,760900
2009-10-14,45.308643,45.580246,44.888889,45.530865,25.947449,859300
2009-10-15,45.456791,46.469135,45.333332,46.098766,26.271095,1722100
2009-10-16,45.851852,46.666668,45.777779,46.419754,26.454010,956600
2009-10-19,46.320988,46.839508,45.728394,46.740742,26.636948,796500
2009-10-20,46.666668,46.666668,45.950619,46.222221,26.341446,879500
2009-10-21,46.074074,46.419754,45.703705,45.777779,26.088169,1014600
2009-10-22,45.654320,46.345680,45.654320,46.049381,26.242954,731800
2009-10-23,46.049381,46.098766,45.012344,45.283951,25.806738,725800
2009-10-26,45.234570,45.802467,44.839508,44.913582,25.595671,763400
2009-10-27,44.913582,45.580246,44.666668,44.814816,25.539385,739100
2009-10-28,44.864197,45.234570,44.296295,44.296295,25.243891,719900
2009-10-29,44.395061,45.358025,44.320988,45.333332,25.834883,986500
2009-10-30,45.086418,45.283951,43.703705,43.728394,24.920258,1240400
2009-11-02,43.777779,44.000000,43.209877,43.703705,24.906183,1288700
2009-11-03,43.432098,44.320988,43.358025,44.049381,25.103176,1343900
2009-11-04,43.950619,44.814816,43.827160,44.000000,25.075037,1273600
2009-11-05,44.419754,45.135803,44.123455,45.135803,25.722313,798100
2009-11-06,44.888889,45.654320,44.691357,45.654320,26.017809,945900
2009-11-09,45.580246,46.123455,45.530865,45.728394,26.060022,788400
2009-11-10,45.506172,45.530865,44.641975,44.666668,25.454962,1378900
2009-11-11,44.987656,45.111111,44.617283,44.962963,25.623812,846800
2009-11-12,44.765430,45.234570,44.691357,45.135803,25.722313,672000
2009-11-13,45.382717,45.654320,44.987656,45.555557,25.961521,777100
2009-11-16,45.703705,45.901234,45.407406,45.555557,25.961521,567500
2009-11-17,45.333332,45.580246,45.061729,45.111111,25.708242,523600
2009-11-18,45.333332,45.333332,44.888889,45.135803,25.722313,497200
2009-11-19,44.864197,45.135803,44.469135,44.938271,25.609745,839400
2009-11-20,44.938271,45.012344,44.271606,44.395061,25.300171,531200
2009-11-23,44.543209,45.086418,44.320988,44.543209,25.384605,1044900
2009-11-24,44.419754,44.543209,44.074074,44.320988,25.257963,1067700
2009-11-25,44.444443,44.888889,44.296295,44.814816,25.539385,595300
2009-11-27,44.123455,44.592594,44.000000,44.444443,25.328316,383400
2009-11-30,44.345680,44.444443,43.703705,44.000000,25.075037,825000
2009-12-01,44.049381,44.444443,43.530865,44.172840,25.173525,1057800
2009-12-02,44.024693,44.419754,43.925926,44.148148,25.159460,515900
2009-12-03,44.074074,44.296295,43.555557,43.555557,24.821745,784800
2009-12-04,43.975307,44.444443,43.456791,44.049381,25.103176,690400
2009-12-07,43.925926,44.641975,43.802467,44.543209,25.384605,664300
2009-12-08,44.469135,44.641975,43.827160,44.543209,25.384605,1013600
2009-12-09,43.827160,44.814816,43.086418,44.740742,25.497177,1933500
2009-12-10,44.790123,45.259258,44.716049,45.209877,25.764524,1310300
2009-12-11,45.135803,45.506172,44.962963,45.432098,25.891171,1643100
2009-12-14,46.000000,47.728394,45.975307,47.530865,27.087231,3110800
2009-12-15,47.160492,47.975307,47.160492,47.777779,27.227942,2531800
2009-12-16,47.703705,48.271606,47.555557,48.024693,27.368654,2240500
2009-12-17,47.802467,48.074074,47.333332,47.703705,27.185720,2622400
2009-12-18,47.876545,48.074074,45.851852,46.543209,26.524372,22337100
2009-12-21,46.246914,47.777779,46.246914,47.358025,26.988728,1967000
2009-12-22,47.580246,47.580246,46.839508,46.962963,26.763586,1226000
2009-12-23,47.111111,47.209877,46.790123,47.209877,26.904303,916900
2009-12-24,47.308643,47.308643,46.839508,46.987656,26.777668,464700
2009-12-28,47.111111,47.407406,46.839508,47.407406,27.016874,985600
2009-12-29,47.407406,47.481480,46.888889,46.987656,26.777668,817300
2009-12-30,46.864197,47.111111,46.716049,47.012344,26.791731,984800
2009-12-31,46.938271,47.111111,46.716049,46.765430,26.651016,631100
2010-01-04,46.962963,47.333332,46.641975,47.185184,26.890234,1417700
2010-01-05,47.111111,47.358025,46.543209,46.987656,26.777668,1595100
2010-01-06,47.481480,47.629631,46.913582,47.111111,26.848011,1120100
2010-01-07,47.037037,47.160492,46.790123,47.135803,26.862085,820600
2010-01-08,46.938271,47.135803,46.814816,47.061729,26.819872,886000
2010-01-11,46.864197,47.086418,46.814816,46.938271,26.749519,720800
2010-01-12,46.814816,47.111111,46.716049,46.987656,26.777668,923400
2010-01-13,47.037037,47.037037,46.296295,46.790123,26.665085,1891700
2010-01-14,46.814816,47.061729,46.617283,46.913582,26.735451,1793900
2010-01-15,46.913582,47.135803,46.617283,46.666668,26.594740,2319200
2010-01-19,46.666668,47.185184,46.493828,47.185184,26.890234,873700
2010-01-20,46.987656,47.037037,46.543209,46.641975,26.580664,975100
2010-01-21,46.592594,47.086418,46.074074,46.172840,26.313307,1136900
2010-01-22,46.172840,46.543209,45.358025,45.456791,25.905239,1122300
2010-01-25,45.851852,46.098766,45.481480,45.975307,26.200741,842400
2010-01-26,45.876545,46.074074,45.037037,45.308643,25.820814,1029500
2010-01-27,45.135803,45.283951,44.913582,45.111111,25.708242,1303300
2010-01-28,45.135803,45.506172,44.839508,45.160492,25.736389,1115100
2010-01-29,45.259258,45.679012,45.012344,45.259258,25.792665,1397600
2010-02-01,45.061729,45.975307,44.716049,45.925926,26.172598,1422200
2010-02-02,45.901234,46.024693,45.407406,46.024693,26.228888,1729300
2010-02-03,45.851852,46.148148,45.679012,45.753086,26.074097,1419100
2010-02-04,45.382717,45.975307,45.382717,45.629631,26.003736,2172700
2010-02-05,45.604939,46.123455,45.358025,46.123455,26.285156,2509000
2010-02-08,46.049381,46.098766,45.283951,45.308643,25.820814,1053200
2010-02-09,45.851852,45.851852,45.086418,45.703705,26.045954,1025500
2010-02-10,45.530865,45.851852,45.382717,45.827160,26.116310,1292200
2010-02-11,45.901234,46.098766,45.333332,46.074074,26.257023,953200
2010-02-12,45.827160,46.345680,45.530865,46.296295,26.383661,1064800
2010-02-16,46.419754,47.160492,46.222221,46.913582,26.735451,1296800
2010-02-17,47.037037,47.358025,46.839508,47.333332,26.974663,1054800
2010-02-18,47.283951,47.506172,47.012344,47.061729,26.819872,1012500
2010-02-19,46.888889,47.259258,46.469135,47.185184,26.890234,1393200
2010-02-22,47.185184,47.407406,46.814816,46.938271,26.749519,597400
2010-02-23,46.790123,47.111111,46.716049,47.086418,26.833942,1216100
2010-02-24,47.308643,48.098766,47.086418,48.098766,27.410868,1678300
2010-02-25,47.580246,47.975307,47.061729,47.876545,27.284227,1235300
2010-02-26,48.024693,48.765430,48.000000,48.641975,27.720444,6597900
2010-03-01,48.641975,48.790123,48.074074,48.172840,27.453077,1078700
2010-03-02,48.567902,48.641975,47.604939,47.925926,27.312374,1696000
2010-03-03,48.123455,48.123455,47.407406,47.456791,27.045013,1399400
2010-03-04,47.827160,48.024693,47.283951,47.407406,27.016874,1373500
2010-03-05,47.654320,47.950619,47.382717,47.679012,27.171658,1393100
2010-03-08,47.728394,47.827160,47.506172,47.728394,27.199802,1261200
2010-03-09,47.604939,48.172840,47.580246,48.123455,27.424936,1242400
2010-03-10,48.098766,48.148148,47.753086,48.074074,27.396799,974600
2010-03-11,47.901234,47.975307,47.555557,47.876545,27.284227,1033100
2010-03-12,47.901234,47.975307,47.530865,47.654320,27.157585,613600
2010-03-15,47.654320,47.777779,47.432098,47.777779,27.227942,682500
2010-03-16,47.654320,47.728394,47.456791,47.703705,27.185720,687300
2010-03-17,47.654320,47.876545,47.481480,47.580246,27.115368,884500
2010-03-18,47.432098,47.753086,47.061729,47.259258,26.932447,1143600
2010-03-19,47.259258,47.358025,46.370369,47.259258,26.932447,2133400
2010-03-22,47.086418,48.098766,46.864197,47.975307,27.340511,1179100
2010-03-23,47.901234,48.098766,47.259258,47.506172,27.073151,1128000
2010-03-24,47.456791,47.604939,47.012344,47.037037,26.805794,758600
2010-03-25,47.209877,47.456791,47.111111,47.160492,26.876156,638500
2010-03-26,47.333332,47.679012,47.086418,47.555557,27.101301,1003700
2010-03-29,47.777779,47.777779,46.666668,46.691357,26.608805,1361700
2010-03-30,46.839508,47.061729,46.469135,46.864197,26.707302,1472000
2010-03-31,44.098766,44.691357,43.209877,43.703705,24.906183,6368500
2010-04-01,43.703705,43.950619,42.765430,43.012344,24.512180,3264300
2010-04-05,43.185184,43.333332,42.864197,43.012344,24.512180,1792400
2010-04-06,42.987656,43.135803,42.370369,42.716049,24.343327,1597500
2010-04-07,42.814816,42.814816,41.950619,42.469135,24.202614,2424500
2010-04-08,42.345680,42.543209,42.098766,42.469135,24.202614,1398400
2010-04-09,42.691357,43.382717,42.518520,43.234570,24.638819,1886700
2010-04-12,43.604939,43.604939,42.814816,42.962963,24.484035,1965500
2010-04-13,42.987656,43.407406,42.740742,43.209877,24.624754,1531100
2010-04-14,43.234570,43.802467,43.160492,43.753086,24.934320,1857700
2010-04-15,44.246914,44.790123,43.753086,44.444443,25.328316,2798800
2010-04-16,44.296295,44.469135,43.604939,44.370369,25.286102,2771500
2010-04-19,44.469135,44.962963,44.222221,44.913582,25.595671,2185600
2010-04-20,44.370369,45.185184,44.024693,45.160492,25.736389,2438800
2010-04-21,44.962963,45.308643,44.790123,45.086418,25.694170,1936500
2010-04-22,44.938271,45.407406,44.543209,45.333332,25.834883,1879800
2010-04-23,45.333332,45.580246,44.888889,45.580246,25.975599,1599900
2010-04-26,45.333332,45.481480,44.913582,44.987656,25.637888,2039700
2010-04-27,44.814816,44.962963,44.419754,44.469135,25.342384,2081500
2010-04-28,44.716049,44.716049,43.407406,43.777779,24.948395,1792800
2010-04-29,43.802467,44.049381,43.629631,43.777779,24.948395,1013100
2010-04-30,43.876545,43.950619,42.814816,42.987656,24.498116,2562200
2010-05-03,43.185184,43.382717,42.888889,43.061729,24.540327,1297700
2010-05-04,42.740742,43.209877,42.493828,43.111111,24.568470,1379900
2010-05-05,42.987656,44.074074,42.814816,43.037037,24.526258,945800
2010-05-06,42.864197,43.679012,42.148148,42.691357,24.329250,2143500
2010-05-07,42.666668,43.506172,42.518520,43.308643,24.681042,3275700
2010-05-10,44.123455,44.123455,42.740742,43.037037,24.526258,1925400
2010-05-11,42.740742,42.962963,41.925926,42.345680,24.132259,3164900
2010-05-12,42.518520,42.617283,42.296295,42.592594,24.272968,1669400
2010-05-13,42.567902,42.814816,42.395061,42.493828,24.216684,981300
2010-05-14,42.493828,43.012344,42.123455,42.518520,24.230755,1598700
2010-05-17,42.469135,43.530865,42.469135,43.407406,24.737324,1846800
2010-05-18,43.432098,43.703705,43.185184,43.283951,24.666964,2069900
2010-05-19,43.037037,43.432098,42.716049,42.814816,24.399616,1710600
2010-05-20,42.320988,42.641975,41.728394,41.728394,23.780478,1776600
2010-05-21,41.333332,42.395061,41.111111,42.370369,24.146326,2103300
2010-05-24,42.024693,42.567902,41.975307,42.296295,24.104113,976900
2010-05-25,41.802467,42.320988,41.259258,42.271606,24.090046,1545500
2010-05-26,42.469135,42.790123,41.901234,42.049381,23.963398,1537100
2010-05-27,42.543209,42.691357,42.000000,42.592594,24.272968,821200
2010-05-28,42.567902,42.740742,42.222221,42.444443,24.188549,878600
2010-06-01,42.271606,42.617283,41.851852,42.148148,24.019688,889700
2010-06-02,42.246914,43.061729,42.074074,43.061729,24.540327,893300
2010-06-03,42.740742,43.925926,42.740742,43.506172,24.793608,1269800
2010-06-04,43.185184,44.320988,42.888889,43.407406,24.737324,2336600
2010-06-07,43.580246,43.827160,42.962963,43.185184,24.610685,1429600
2010-06-08,43.283951,43.283951,42.666668,42.938271,24.469963,1800700
2010-06-09,42.987656,43.432098,42.814816,42.962963,24.484035,1444300
2010-06-10,43.209877,44.074074,43.209877,43.679012,24.892109,1829800
2010-06-11,43.283951,43.432098,42.814816,43.259258,24.652899,1867600
2010-06-14,43.703705,43.876545,43.234570,43.283951,24.666964,2218800
2010-06-15,43.283951,43.901234,43.283951,43.753086,24.934320,1490200
2010-06-16,43.728394,44.493828,43.580246,44.320988,25.257963,1724000
2010-06-17,44.444443,44.666668,44.172840,44.666668,25.454962,1167400
2010-06-18,44.716049,44.938271,44.320988,44.419754,25.314251,1919400
2010-06-21,44.592594,44.888889,43.802467,43.876545,25.004681,1319400
2010-06-22,43.679012,43.901234,43.135803,43.160492,24.596605,1150600
2010-06-23,43.086418,43.160492,42.543209,42.641975,24.301111,1634200
2010-06-24,42.493828,43.037037,42.296295,42.370369,24.146326,1432200
2010-06-25,42.419754,42.716049,42.000000,42.395061,24.160400,3821900
2010-06-28,42.543209,42.641975,42.049381,42.197533,24.047831,1458300
2010-06-29,42.000000,42.148148,41.358025,41.530865,23.667906,2260100
2010-06-30,41.728394,42.098766,41.283951,41.333332,23.555336,1646600
2010-07-01,41.234570,41.259258,40.543209,40.864197,23.287973,1530100
2010-07-02,40.962963,40.987656,40.444443,40.567902,23.119131,745800
2010-07-06,41.135803,41.135803,40.419754,40.740742,23.217627,1247100
2010-07-07,40.592594,41.209877,40.567902,41.185184,23.470907,811000
2010-07-08,41.283951,42.024693,41.209877,41.555557,23.681973,777700
2010-07-09,41.506172,41.679012,41.234570,41.604939,23.710119,594500
2010-07-12,41.530865,41.851852,41.333332,41.703705,23.766403,486000
2010-07-13,41.950619,41.950619,41.506172,41.777779,23.808617,742000
2010-07-14,41.432098,42.345680,41.283951,42.098766,23.991543,988600
2010-07-15,41.950619,42.074074,41.382717,41.728394,23.780478,757700
2010-07-16,41.481480,41.629631,40.641975,40.641975,23.161339,1045900
2010-07-19,40.518520,41.086418,40.444443,40.839508,23.273920,1096500
2010-07-20,40.641975,41.259258,40.444443,41.209877,23.484978,539200
2010-07-21,41.382717,41.382717,40.592594,40.666668,23.175406,661000
2010-07-22,40.913582,41.703705,40.913582,41.555557,23.681973,789900
2010-07-23,41.432098,42.000000,41.333332,41.925926,23.893045,569700
2010-07-26,41.901234,41.975307,41.629631,41.876545,23.864902,560600
2010-07-27,41.876545,42.000000,41.456791,41.827160,23.836761,649500
2010-07-28,41.654320,41.975307,41.432098,41.679012,23.752335,713600
2010-07-29,41.827160,41.925926,41.037037,41.283951,23.527184,638500
2010-07-30,41.061729,41.259258,40.913582,41.061729,23.400555,655900
2010-08-02,41.308643,41.901234,41.086418,41.876545,23.864902,1089600
2010-08-03,41.851852,42.197533,41.629631,42.024693,23.949329,1177400
2010-08-04,42.148148,42.222221,41.876545,42.024693,23.949329,744400
2010-08-05,41.950619,42.469135,41.728394,42.370369,24.146326,631600
2010-08-06,42.148148,42.320988,41.629631,41.950619,23.907122,568600
2010-08-09,42.000000,42.123455,41.530865,41.851852,23.850834,605100
2010-08-10,41.506172,41.753086,40.740742,40.962963,23.344267,1307900
2010-08-11,40.691357,40.691357,39.209877,39.333332,22.415560,1529700
2010-08-12,38.617283,39.234570,38.543209,39.185184,22.331139,1163000
2010-08-13,39.185184,39.358025,38.913582,38.962963,22.204493,915600
2010-08-16,38.790123,39.037037,38.345680,38.370369,21.866776,632800
2010-08-17,38.395061,39.086418,38.395061,38.938271,22.190424,753700
2010-08-18,38.888889,38.888889,38.370369,38.395061,21.880852,1146600
2010-08-19,38.518520,38.543209,37.654320,38.320988,21.838640,1132400
2010-08-20,38.098766,38.444443,37.950619,38.395061,21.880852,712800
2010-08-23,38.370369,38.567902,37.703705,37.753086,21.514997,862100
2010-08-24,37.135803,37.777779,36.740742,37.530865,21.388361,1020700
2010-08-25,37.308643,37.753086,37.209877,37.481480,21.360210,960300
2010-08-26,37.407406,37.950619,36.987656,37.432098,21.332073,1081300
2010-08-27,37.530865,37.827160,36.839508,37.802467,21.543146,813400
2010-08-30,37.679012,38.000000,37.358025,37.358025,21.289858,742600
2010-08-31,37.259258,37.456791,36.716049,36.740742,20.938076,1421800
2010-09-01,37.283951,38.024693,37.160492,37.950619,21.627571,1076400
2010-09-02,38.716049,38.740742,36.913582,37.481480,21.360210,1613600
2010-09-03,37.728394,38.296295,37.629631,38.296295,21.824564,809400
2010-09-07,38.222221,38.222221,37.777779,37.876545,21.585350,863900
2010-09-08,37.728394,37.876545,37.456791,37.654320,21.458710,602500
2010-09-09,37.901234,37.975307,37.333332,37.456791,21.346142,604800
2010-09-10,37.604939,37.703705,37.135803,37.432098,21.332073,994300
2010-09-13,37.654320,38.148148,37.580246,37.777779,21.529068,718400
2010-09-14,37.753086,37.975307,37.283951,37.753086,21.514997,624100
2010-09-15,37.753086,37.753086,37.283951,37.530865,21.388361,613200
2010-09-16,37.950619,38.864197,37.901234,38.740742,22.077848,1319200
2010-09-17,38.790123,38.987656,38.345680,38.567902,21.979353,1353500
2010-09-20,38.691357,39.160492,38.444443,39.086418,22.274851,790400
2010-09-21,38.962963,39.234570,38.469135,39.111111,22.288916,828600
2010-09-22,39.086418,39.407406,38.716049,39.358025,22.429632,1067000
2010-09-23,39.185184,39.481480,38.864197,38.888889,22.162275,1096600
2010-09-24,39.283951,39.827160,39.185184,39.753086,22.654768,707300
2010-09-27,39.703705,39.728394,38.839508,38.913582,22.176350,726900
2010-09-28,39.037037,39.358025,38.666668,39.308643,22.401489,530300
2010-09-29,39.037037,39.333332,38.864197,39.209877,22.345200,724900
2010-09-30,39.333332,39.580246,39.012344,39.456791,22.485920,870800
2010-10-01,39.481480,39.580246,39.037037,39.580246,22.556267,743400
2010-10-04,39.506172,39.629631,38.543209,38.666668,22.035633,782400
2010-10-05,38.839508,39.555557,38.691357,39.481480,22.499985,959200
2010-10-06,39.580246,39.580246,39.086418,39.358025,22.429632,888900
2010-10-07,39.506172,39.506172,39.012344,39.259258,22.373346,667100
2010-10-08,39.259258,39.308643,38.691357,39.209877,22.345200,1092200
2010-10-11,39.160492,39.753086,39.012344,39.604939,22.570343,756900
2010-10-12,39.481480,39.728394,39.209877,39.580246,22.556267,826600
2010-10-13,39.679012,39.679012,39.012344,39.283951,22.387413,1075200
2010-10-14,39.259258,39.283951,38.987656,39.283951,22.387413,999500
2010-10-15,39.506172,39.703705,39.234570,39.703705,22.626629,1300200
2010-10-18,39.629631,39.753086,39.333332,39.679012,22.612564,463700
2010-10-19,39.432098,39.654320,38.740742,38.938271,22.190424,917800
2010-10-20,38.962963,39.160492,38.839508,38.913582,22.176350,861500
2010-10-21,39.061729,39.629631,38.938271,39.185184,22.331139,738100
2010-10-22,39.209877,39.308643,38.716049,38.913582,22.176350,610900
2010-10-25,39.037037,39.283951,38.641975,38.740742,22.077848,717000
2010-10-26,38.691357,39.061729,38.543209,38.666668,22.035633,610300
2010-10-27,38.395061,38.543209,37.580246,37.827160,21.557205,1585400
2010-10-28,37.950619,38.617283,37.901234,38.444443,21.908998,867000
2010-10-29,38.345680,38.469135,38.074074,38.370369,21.866776,693700
2010-11-01,38.864197,39.259258,38.543209,38.888889,22.162275,1066000
2010-11-02,39.160492,39.432098,38.913582,39.308643,22.401489,930000
2010-11-03,39.283951,39.358025,38.716049,39.283951,22.387413,586600
2010-11-04,39.555557,39.604939,39.209877,39.604939,22.570343,684800
2010-11-05,39.506172,39.975307,39.407406,39.802467,22.682919,667000
2010-11-08,39.728394,39.851852,39.456791,39.728394,22.640697,427600
2010-11-09,39.333332,39.456791,38.839508,38.938271,22.190424,1064400
2010-11-10,38.962963,39.111111,38.839508,39.012344,22.232637,979300
2010-11-11,38.617283,38.740742,38.123455,38.395061,21.880852,1141700
2010-11-12,38.222221,38.395061,38.024693,38.345680,21.852703,556200
2010-11-15,38.370369,38.543209,38.148148,38.320988,21.838640,605700
2010-11-16,38.148148,38.197533,37.456791,37.604939,21.430567,691000
2010-11-17,37.555557,38.123455,37.456791,37.654320,21.458710,857200
2010-11-18,38.024693,38.592594,38.000000,38.246914,21.796427,630800
2010-11-19,38.246914,38.370369,37.975307,38.345680,21.852703,544800
2010-11-22,38.148148,38.567902,38.074074,38.543209,21.965279,441200
2010-11-23,38.197533,38.246914,37.827160,38.098766,21.711996,682900
2010-11-24,38.345680,38.864197,38.320988,38.839508,22.134136,653300
2010-11-26,38.592594,38.641975,38.246914,38.271606,21.810497,221800
2010-11-29,38.074074,38.074074,37.580246,37.851852,21.571283,811400
2010-11-30,37.555557,38.296295,37.506172,37.827160,21.557205,877900
2010-12-01,38.197533,39.111111,38.197533,39.037037,22.246710,1151200
2010-12-02,39.012344,39.604939,38.765430,39.530865,22.528131,862600
2010-12-03,39.358025,39.506172,39.037037,39.209877,22.345200,1287000
2010-12-06,39.061729,39.160492,38.790123,38.938271,22.190424,851000
2010-12-07,39.086418,39.506172,38.913582,39.185184,22.331139,772600
2010-12-08,39.160492,40.123455,39.086418,40.024693,22.809551,1730800
2010-12-09,38.098766,38.469135,37.160492,37.456791,21.346142,3613000
2010-12-10,37.481480,37.530865,37.160492,37.358025,21.289858,1654700
2010-12-13,37.604939,38.024693,37.333332,38.000000,21.655712,1755700
2010-12-14,37.950619,38.074074,37.679012,38.000000,21.655712,1186600
2010-12-15,37.506172,38.592594,37.259258,38.148148,21.740141,1682000
2010-12-16,38.074074,38.271606,37.827160,38.222221,21.782358,994800
2010-12-17,38.395061,38.765430,38.320988,38.765430,22.091919,2395600
2010-12-20,39.012344,39.037037,38.493828,38.938271,22.190424,1513800
2010-12-21,38.987656,39.111111,38.790123,38.864197,22.148203,1396100
2010-12-22,38.814816,39.086418,38.641975,38.938271,22.190424,734100
2010-12-23,38.864197,39.259258,38.839508,39.086418,22.274851,677700
2010-12-27,38.938271,39.185184,38.913582,39.037037,22.246710,510300
2010-12-28,39.012344,39.259258,39.012344,39.135803,22.302990,626200
2010-12-29,39.061729,39.481480,39.061729,39.407406,22.457767,876000
2010-12-30,39.358025,39.555557,39.333332,39.481480,22.499985,585000
2010-12-31,39.432098,39.555557,39.037037,39.160492,22.317064,844600
2011-01-03,39.308643,39.654320,39.234570,39.604939,22.570343,985400
2011-01-04,39.382717,39.629631,38.987656,39.407406,22.457767,1429800
2011-01-05,39.259258,39.679012,39.135803,39.654320,22.598484,1051200
2011-01-06,39.629631,39.802467,39.456791,39.654320,22.598484,1035200
2011-01-07,39.629631,39.654320,39.259258,39.654320,22.598484,1234200
2011-01-10,39.456791,39.753086,39.308643,39.530865,22.528131,1032100
2011-01-11,39.506172,39.975307,39.407406,39.925926,22.753279,871200
2011-01-12,39.975307,39.975307,39.456791,39.654320,22.598484,1332400
2011-01-13,39.580246,40.172840,39.481480,40.049381,22.823626,1493500
2011-01-14,39.925926,40.666668,39.827160,40.641975,23.161339,1115500
2011-01-18,40.345680,40.864197,40.345680,40.740742,23.217627,840900
2011-01-19,40.814816,40.888889,40.296295,40.493828,23.076908,1378400
2011-01-20,40.493828,40.864197,40.049381,40.641975,23.161339,978400
2011-01-21,40.888889,40.888889,40.296295,40.691357,23.189489,787400
2011-01-24,40.691357,40.790123,40.493828,40.765430,23.231689,900500
2011-01-25,40.790123,40.913582,40.567902,40.790123,23.245768,732400
2011-01-26,40.864197,41.358025,40.765430,41.209877,23.484978,778300
2011-01-27,41.259258,41.358025,40.987656,41.111111,23.428699,500100
2011-01-28,41.086418,41.308643,40.419754,40.493828,23.076908,794600
2011-01-31,40.518520,41.135803,40.395061,40.913582,23.316124,746000
2011-02-01,40.962963,41.209877,40.913582,41.086418,23.414621,1263400
2011-02-02,40.913582,41.061729,40.716049,40.938271,23.330185,999500
2011-02-03,40.864197,41.061729,40.716049,41.012344,23.372410,809700
2011-02-04,41.111111,41.358025,40.962963,41.234570,23.499054,988700
2011-02-07,41.308643,41.456791,41.234570,41.358025,23.569403,683100
2011-02-08,41.283951,41.851852,41.185184,41.728394,23.780478,1077500
2011-02-09,41.580246,41.679012,41.283951,41.456791,23.625692,932000
2011-02-10,41.358025,41.629631,41.234570,41.580246,23.696045,694500
2011-02-11,41.358025,41.456791,40.271606,40.617283,23.147268,1602600
2011-02-14,40.518520,40.839508,40.395061,40.493828,23.076908,809400
2011-02-15,40.469135,40.839508,40.296295,40.617283,23.147268,1036100
2011-02-16,40.765430,40.839508,40.419754,40.592594,23.133194,692900
2011-02-17,40.493828,40.790123,40.370369,40.641975,23.161339,611400
2011-02-18,40.691357,41.037037,40.567902,40.790123,23.245768,670000
2011-02-22,40.370369,40.592594,39.802467,39.827160,22.696985,922300
2011-02-23,39.777779,39.925926,39.259258,39.382717,22.443705,1002700
2011-02-24,39.382717,39.555557,39.012344,39.209877,22.345200,1138300
2011-02-25,39.308643,39.481480,38.913582,39.283951,22.387413,1544900
2011-02-28,39.703705,40.617283,39.209877,40.345680,22.992483,3466100
2011-03-01,40.345680,41.111111,40.320988,40.592594,23.133194,1447900
2011-03-02,40.469135,40.814816,40.370369,40.444443,23.048767,1176500
2011-03-03,40.691357,40.962963,40.592594,40.790123,23.245768,915300
2011-03-04,40.740742,40.938271,40.592594,40.938271,23.330185,815700
2011-03-07,40.888889,41.209877,40.716049,40.814816,23.259840,837100
2011-03-08,40.987656,41.777779,40.740742,41.679012,23.752335,1130600
2011-03-09,41.555557,41.827160,41.407406,41.629631,23.724186,713800
2011-03-10,41.432098,41.456791,40.839508,40.987656,23.358335,589500
2011-03-11,40.790123,41.259258,40.765430,41.160492,23.456837,475700
2011-03-14,40.938271,41.160492,40.716049,40.913582,23.316124,555400
2011-03-15,40.419754,40.913582,40.271606,40.641975,23.161339,821100
2011-03-16,40.469135,40.666668,39.950619,40.246914,22.936197,1267400
2011-03-17,40.666668,40.962963,40.419754,40.839508,23.273920,722200
2011-03-18,41.086418,41.530865,41.086418,41.407406,23.597546,842500
2011-03-21,41.506172,41.728394,41.135803,41.580246,23.696045,1128400
2011-03-22,41.456791,41.728394,41.358025,41.629631,23.724186,693100
2011-03-23,41.481480,41.975307,41.382717,41.876545,23.864902,1352400
2011-03-24,42.000000,42.543209,41.851852,42.074074,23.977474,1383900
2011-03-25,41.802467,41.851852,41.061729,41.185184,23.470907,1104100
2011-03-28,41.234570,41.925926,41.234570,41.753086,23.794546,1063100
2011-03-29,41.703705,42.074074,41.580246,41.876545,23.864902,761100
2011-03-30,41.975307,41.975307,41.506172,41.555557,23.681973,1371200
2011-03-31,41.481480,41.925926,41.481480,41.777779,23.808617,1393500
2011-04-01,41.851852,42.790123,41.753086,42.592594,24.272968,1460300
2011-04-04,42.567902,42.740742,42.320988,42.716049,24.343327,1112900
2011-04-05,42.543209,42.938271,42.395061,42.740742,24.357401,874500
2011-04-06,42.790123,43.209877,42.765430,43.012344,24.512180,851000
2011-04-07,42.913582,43.111111,42.641975,42.716049,24.343327,808900
2011-04-08,42.814816,42.888889,42.419754,42.592594,24.272968,729600
2011-04-11,42.592594,43.209877,42.592594,43.061729,24.540327,973300
2011-04-12,42.790123,43.185184,42.691357,42.765430,24.371469,924700
2011-04-13,42.839508,42.913582,41.925926,41.975307,23.921196,1131400
2011-04-14,41.901234,41.901234,41.432098,41.777779,23.808617,934400
2011-04-15,41.728394,42.098766,41.456791,41.975307,23.921196,806800
2011-04-18,41.753086,42.123455,41.654320,41.925926,23.893045,777100
2011-04-19,41.901234,42.098766,41.753086,42.000000,23.935261,714500
2011-04-20,42.246914,42.691357,42.197533,42.543209,24.244831,470900
2011-04-21,42.592594,42.716049,42.320988,42.592594,24.272968,470800
2011-04-25,42.419754,42.641975,42.172840,42.518520,24.230755,596700
2011-04-26,42.641975,43.086418,42.617283,43.012344,24.512180,850500
2011-04-27,43.061729,43.333332,42.913582,43.333332,24.695105,743900
2011-04-28,43.259258,43.580246,43.135803,43.283951,24.666964,625200
2011-04-29,43.283951,43.283951,42.913582,42.962963,24.484035,1115600
2011-05-02,43.111111,43.283951,42.839508,43.111111,24.568470,741700
2011-05-03,43.012344,43.160492,42.790123,43.086418,24.554396,536000
2011-05-04,43.234570,43.333332,42.839508,43.037037,24.526258,662700
2011-05-05,42.962963,43.086418,42.518520,42.740742,24.357401,613100
2011-05-06,43.012344,43.160492,42.592594,42.617283,24.287037,684600
2011-05-09,42.592594,43.111111,42.567902,43.037037,24.526258,445500
2011-05-10,43.135803,43.456791,42.987656,43.111111,24.568470,585100
2011-05-11,43.111111,43.135803,42.419754,42.666668,24.315182,607600
2011-05-12,42.641975,43.259258,42.493828,43.209877,24.624754,597900
2011-05-13,43.160492,43.407406,42.962963,42.962963,24.484035,391100
2011-05-16,42.888889,43.259258,42.641975,42.765430,24.371469,437400
2011-05-17,42.592594,42.814816,42.419754,42.740742,24.357401,365700
2011-05-18,42.740742,43.259258,42.592594,43.160492,24.596605,384000
2011-05-19,43.308643,43.358025,43.086418,43.283951,24.666964,325200
2011-05-20,43.259258,43.432098,43.012344,43.234570,24.638819,315100
2011-05-23,42.864197,42.962963,42.716049,42.740742,24.357401,549100
2011-05-24,42.666668,42.913582,42.222221,42.271606,24.090046,593100
2011-05-25,42.148148,42.765430,42.148148,42.592594,24.272968,460100
2011-05-26,42.543209,42.962963,42.271606,42.864197,24.427755,502500
2011-05-27,42.814816,42.938271,42.567902,42.641975,24.301111,771100
2011-05-31,42.938271,43.358025,42.938271,43.358025,24.709183,1392100
2011-06-01,43.283951,43.358025,42.617283,42.641975,24.301111,743300
2011-06-02,42.617283,42.716049,42.197533,42.493828,24.216684,668100
2011-06-03,42.172840,43.283951,41.308643,41.382717,23.583481,1386000
2011-06-06,41.234570,41.679012,40.987656,41.061729,23.400555,1180100
2011-06-07,41.259258,41.358025,40.691357,40.691357,23.189489,763900
2011-06-08,40.518520,40.765430,40.370369,40.592594,23.133194,758800
2011-06-09,40.666668,41.012344,40.641975,40.864197,23.287973,863100
2011-06-10,40.666668,40.765430,39.975307,40.000000,22.795485,1237500
2011-06-13,40.296295,40.543209,39.679012,39.827160,22.696985,1618400
2011-06-14,40.074074,40.444443,39.827160,40.098766,22.851776,1195400
2011-06-15,39.876545,40.148148,39.802467,39.925926,22.753279,873700
2011-06-16,39.950619,40.271606,39.802467,40.123455,22.865837,688600
2011-06-17,40.370369,40.765430,40.222221,40.765430,23.231689,2326500
2011-06-20,40.567902,40.913582,40.148148,40.790123,23.245768,941800
2011-06-21,40.839508,41.259258,40.790123,41.135803,23.442764,868700
2011-06-22,41.061729,41.432098,40.913582,41.160492,23.456837,915700
2011-06-23,40.716049,41.086418,40.098766,41.037037,23.386480,938200
2011-06-24,41.037037,41.135803,40.765430,40.864197,23.287973,1595600
2011-06-27,40.864197,41.382717,40.765430,41.259258,23.513124,990300
2011-06-28,41.283951,41.580246,40.987656,41.481480,23.639765,1065400
2011-06-29,41.604939,41.827160,41.333332,41.654320,23.738268,1191100
2011-06-30,41.753086,41.950619,41.456791,41.530865,23.667906,1212000
2011-07-01,41.481480,42.049381,41.358025,41.975307,23.921196,846600
2011-07-05,40.765430,40.765430,39.259258,40.000000,22.795485,2976800
2011-07-06,40.000000,40.864197,39.802467,40.691357,23.189489,1473300
2011-07-07,41.037037,41.530865,40.913582,41.432098,23.611618,1093100
2011-07-08,41.061729,41.283951,40.740742,41.259258,23.513124,1085000
2011-07-11,40.839508,41.012344,40.543209,40.716049,23.203550,1099200
2011-07-12,40.567902,40.987656,40.543209,40.740742,23.217627,970500
2011-07-13,40.987656,40.987656,40.691357,40.790123,23.245768,923200
2011-07-14,40.740742,41.111111,40.691357,40.740742,23.217627,882300
2011-07-15,40.839508,40.864197,40.370369,40.641975,23.161339,1097300
2011-07-18,40.444443,40.666668,39.802467,40.197533,22.908062,1006000
2011-07-19,40.246914,40.765430,40.222221,40.666668,23.175406,714200
2011-07-20,40.740742,40.987656,40.567902,40.839508,23.273920,573100
2011-07-21,40.839508,41.382717,40.641975,41.283951,23.527184,613700
2011-07-22,41.209877,41.308643,40.691357,40.913582,23.316124,779000
2011-07-25,40.641975,41.185184,40.493828,40.765430,23.231689,785700
2011-07-26,40.839508,40.987656,40.419754,40.740742,23.217627,800000
2011-07-27,40.518520,40.518520,40.000000,40.074074,22.837702,788200
2011-07-28,39.975307,40.172840,39.629631,39.851852,22.711058,644900
2011-07-29,39.555557,39.950619,39.209877,39.580246,22.556267,1151000
2011-08-01,39.901234,39.925926,38.000000,38.493828,21.937138,1720100
2011-08-02,38.172840,38.864197,37.679012,37.728394,21.500927,1752200
2011-08-03,37.827160,38.197533,37.456791,38.024693,21.669783,1564800
2011-08-04,37.456791,37.703705,36.592594,36.666668,20.895857,1764300
2011-08-05,36.962963,37.506172,36.024693,36.888889,21.022507,2215700
2011-08-08,36.246914,36.666668,34.839508,34.839508,19.854584,1894000
2011-08-09,35.259258,35.629631,33.802467,35.604939,20.290792,2536300
2011-08-10,35.061729,35.333332,34.148148,34.246914,19.516872,1433500
2011-08-11,34.444443,35.802467,34.345680,35.333332,20.136013,1711400
2011-08-12,35.654320,35.728394,35.086418,35.358025,20.150087,982400
2011-08-15,35.481480,35.851852,35.407406,35.827160,20.417437,670200
2011-08-16,35.456791,35.925926,35.333332,35.604939,20.290792,923400
2011-08-17,35.802467,36.049381,35.135803,35.604939,20.290792,801800
2011-08-18,34.740742,34.814816,33.580246,33.925926,19.333944,1459200
2011-08-19,33.555557,34.469135,33.481480,33.580246,19.136955,1242100
2011-08-22,34.074074,34.296295,33.358025,33.876545,19.305807,1261900
2011-08-23,33.901234,35.061729,33.777779,35.061729,19.981228,2231400
2011-08-24,34.962963,35.604939,34.888889,35.604939,20.290792,1236800
2011-08-25,35.777779,35.925926,35.037037,35.382717,20.164154,1239300
2011-08-26,35.308643,35.827160,34.320988,35.654320,20.318937,884400
2011-08-29,36.024693,36.617283,35.950619,36.592594,20.853645,565000
2011-08-30,36.567902,36.839508,36.049381,36.617283,20.867722,646700
2011-08-31,36.617283,37.481480,36.592594,37.037037,21.106934,1888700
2011-09-01,33.185184,33.679012,31.777779,32.024693,18.250458,6835100
2011-09-02,31.382715,32.345680,31.234568,31.950617,18.208246,2937200
2011-09-06,31.209877,32.419754,30.987654,32.024693,18.250458,2847700
2011-09-07,32.246914,32.962963,32.172840,32.617283,18.588169,1496000
2011-09-08,32.592594,32.691357,31.950617,32.148148,18.320816,1569200
2011-09-09,31.876543,32.148148,31.234568,31.506172,17.954960,1321300
2011-09-12,31.037037,31.358025,30.567902,31.358025,17.870529,1499800
2011-09-13,31.506172,31.728395,31.259260,31.604939,18.011248,981300
2011-09-14,31.876543,32.098766,31.135803,31.753086,18.095676,1423100
2011-09-15,32.123455,32.123455,31.555555,32.049381,18.264530,1172900
2011-09-16,32.345680,32.543209,31.950617,32.098766,18.292675,1380400
2011-09-19,31.728395,32.123455,31.407408,31.876543,18.166029,983000
2011-09-20,31.901234,32.197533,31.827160,31.925926,18.194178,951500
2011-09-21,31.901234,32.049381,30.913580,30.938272,17.631321,977600
2011-09-22,30.296297,30.370371,29.283951,29.604939,16.871475,1489400
2011-09-23,29.382715,29.851852,29.358025,29.777779,16.969975,1280500
2011-09-26,30.197531,30.246914,29.407408,30.098766,17.152901,1123200
2011-09-27,30.567902,30.839506,30.098766,30.296297,17.265472,1276000
2011-09-28,30.345678,30.493828,29.481482,29.506172,16.815186,1556000
2011-09-29,30.000000,30.246914,29.506172,30.098766,17.152901,1615100
2011-09-30,29.925926,29.950617,29.086420,29.160494,16.618193,1217700
2011-10-03,28.839506,29.037037,27.925926,27.950617,15.928696,1443600
2011-10-04,27.530865,28.740740,27.308641,28.666666,16.336767,1174500
2011-10-05,28.814816,29.456791,28.740740,29.407408,16.758902,941300
2011-10-06,29.481482,30.172840,29.333334,30.123457,17.166969,733800
2011-10-07,30.345678,30.518518,29.679012,29.851852,17.012188,867900
2011-10-10,30.345678,30.765432,30.271605,30.691359,17.490610,650200
2011-10-11,30.444445,30.814816,30.271605,30.691359,17.490610,1047700
2011-10-12,30.666666,31.654322,30.666666,31.432098,17.912746,861500
2011-10-13,31.185184,31.234568,30.864197,31.160494,17.757967,534000
2011-10-14,31.530865,31.580246,31.111111,31.432098,17.912746,405400
2011-10-17,31.530865,31.530865,30.469135,30.567902,17.420258,520100
2011-10-18,30.666666,31.530865,30.320988,31.259260,17.814249,1040100
2011-10-19,31.234568,31.333334,30.617285,30.691359,17.490610,494600
2011-10-20,30.814816,30.962963,30.172840,30.962963,17.645395,706200
2011-10-21,31.283951,31.629629,30.938272,31.308641,17.842392,666600
2011-10-24,31.382715,31.604939,31.135803,31.580246,17.997173,572400
2011-10-25,31.382715,31.382715,30.913580,30.962963,17.645395,749200
2011-10-26,31.283951,31.308641,30.370371,30.814816,17.560966,917100
2011-10-27,31.679012,31.703703,31.012346,31.506172,17.954960,1504700
2011-10-28,31.506172,31.728395,31.358025,31.703703,18.067535,589200
2011-10-31,31.160494,31.283951,30.691359,30.691359,17.490610,606000
2011-11-01,29.901234,30.419754,29.753086,30.074074,17.138828,945900
2011-11-02,29.851852,30.098766,29.358025,29.950617,17.068476,1299400
2011-11-03,30.197531,31.358025,30.172840,31.333334,17.856468,1012500
2011-11-04,30.987654,31.506172,30.740740,31.382715,17.884607,819400
2011-11-07,31.308641,31.481482,30.888889,31.456791,17.926823,655800
2011-11-08,31.481482,32.197533,31.432098,32.148148,18.320816,858100
2011-11-09,31.481482,31.481482,30.320988,30.370371,17.307684,1202800
2011-11-10,30.716049,30.888889,30.148148,30.395061,17.321753,675700
2011-11-11,30.765432,31.111111,30.592592,31.012346,17.673534,307900
2011-11-14,30.716049,30.839506,30.098766,30.123457,17.166969,678700
2011-11-15,30.049383,30.864197,29.950617,30.790123,17.546894,708100
2011-11-16,30.395061,30.962963,30.222221,30.296297,17.265472,675200
2011-11-17,30.123457,30.197531,29.407408,29.604939,16.871475,726600
2011-11-18,29.679012,29.827160,29.358025,29.382715,16.744827,1039400
2011-11-21,29.012346,29.086420,28.074074,28.617285,16.308620,1016300
2011-11-22,28.469135,28.641975,28.098766,28.444445,16.210123,807900
2011-11-23,28.123457,28.197531,27.703703,27.802469,15.844268,1058100
2011-11-25,27.654322,28.320988,27.654322,28.172840,16.055344,592800
2011-11-28,28.864197,28.987654,28.296297,28.543209,16.266411,948100
2011-11-29,28.641975,28.641975,28.049383,28.074074,15.999055,938500
2011-11-30,28.864197,29.753086,28.864197,29.753086,16.955900,1689500
2011-12-01,29.604939,30.098766,29.358025,30.000000,17.096617,944500
2011-12-02,30.222221,30.370371,29.950617,30.024691,17.110685,556800
2011-12-05,30.469135,30.666666,29.975309,30.296297,17.265472,706100
2011-12-06,30.246914,30.444445,29.925926,30.000000,17.096617,1291500
2011-12-07,30.123457,32.148148,30.024691,31.975309,18.222319,2418400
2011-12-08,31.777779,31.777779,30.493828,30.617285,17.448399,1351400
2011-12-09,30.740740,31.086420,30.419754,30.765432,17.532825,930200
2011-12-12,30.567902,30.691359,30.123457,30.419754,17.335823,876900
2011-12-13,30.592592,30.814816,29.777779,29.876543,17.026255,973900
2011-12-14,29.753086,30.074074,29.629629,30.024691,17.110685,1566600
2011-12-15,30.320988,30.320988,29.950617,30.000000,17.096617,822500
2011-12-16,30.197531,30.493828,29.777779,30.049383,17.124756,869200
2011-12-19,30.074074,30.246914,29.432098,29.506172,16.815186,675100
2011-12-20,29.851852,30.320988,29.777779,30.222221,17.223259,773900
2011-12-21,30.024691,30.543209,29.950617,30.543209,17.406183,771000
2011-12-22,30.543209,30.666666,29.975309,30.567902,17.420258,607300
2011-12-23,30.617285,30.740740,30.518518,30.691359,17.490610,351200
2011-12-27,30.567902,30.617285,30.222221,30.469135,17.363968,392300
2011-12-28,30.370371,30.370371,29.827160,30.000000,17.096617,431100
2011-12-29,30.000000,30.419754,29.901234,30.395061,17.321753,588900
2011-12-30,30.370371,30.493828,30.296297,30.345678,17.293612,582200
2012-01-03,30.543209,31.308641,30.469135,31.111111,17.729826,1169900
2012-01-04,30.765432,31.111111,30.395061,31.037037,17.687611,674000
2012-01-05,30.839506,31.209877,30.469135,30.987654,17.659466,639600
2012-01-06,30.987654,30.987654,30.567902,30.666666,17.476538,947000
2012-01-09,30.641975,31.061728,30.518518,30.987654,17.659466,846000
2012-01-10,31.407408,32.049381,31.333334,32.000000,18.236391,1040100
2012-01-11,31.925926,32.296295,31.753086,32.197533,18.348959,761100
2012-01-12,32.172840,32.469135,31.876543,32.370369,18.447458,745400
2012-01-13,32.246914,32.296295,31.580246,32.148148,18.320816,1152100
2012-01-17,32.345680,32.716049,32.049381,32.197533,18.348959,772200
2012-01-18,32.148148,32.518520,31.975309,32.518520,18.531883,652800
2012-01-19,32.469135,32.740742,32.320988,32.740742,18.658529,892200
2012-01-20,32.617283,32.666668,31.876543,32.098766,18.292675,1562200
2012-01-23,32.098766,32.296295,31.703703,32.098766,18.292675,786400
2012-01-24,31.876543,32.123455,31.753086,31.802469,18.123817,635900
2012-01-25,31.728395,32.246914,31.530865,32.074074,18.278605,874300
2012-01-26,32.222221,32.296295,31.654322,31.851852,18.151962,666300
2012-01-27,31.604939,31.925926,31.382715,31.382715,17.884607,701300
2012-01-30,31.061728,31.283951,30.913580,31.234568,17.800177,501500
2012-01-31,31.333334,31.851852,30.666666,31.753086,18.095676,1674200
2012-02-01,31.827160,32.518520,31.728395,32.419754,18.475605,1212500
2012-02-02,32.395061,32.395061,31.629629,31.629629,18.025320,1034100
2012-02-03,32.098766,32.148148,31.777779,31.851852,18.151962,473400
2012-02-06,31.604939,31.604939,31.111111,31.333334,17.856468,771800
2012-02-07,31.333334,31.358025,31.037037,31.234568,17.800177,760200
2012-02-08,31.111111,31.654322,31.037037,31.555555,17.983105,1033400
2012-02-09,31.654322,31.802469,31.333334,31.629629,18.025320,1095800
2012-02-10,31.382715,31.506172,31.135803,31.185184,17.772036,590200
2012-02-13,31.481482,31.604939,31.259260,31.259260,17.814249,784600
2012-02-14,31.135803,31.234568,30.864197,31.135803,17.743893,836000
2012-02-15,31.283951,31.580246,30.962963,31.432098,17.912746,902700
2012-02-16,31.580246,31.975309,31.382715,31.925926,18.194178,1035200
2012-02-17,32.074074,32.197533,31.827160,32.024693,18.250458,741600
2012-02-21,31.975309,32.197533,31.777779,31.975309,18.222319,740900
2012-02-22,31.925926,32.222221,31.580246,31.679012,18.053461,1137400
2012-02-23,31.604939,31.703703,31.382715,31.506172,17.954960,1037100
2012-02-24,31.506172,31.506172,31.061728,31.111111,17.729826,694400
2012-02-27,30.740740,30.888889,30.691359,30.765432,17.532825,811900
2012-02-28,30.790123,30.790123,30.370371,30.370371,17.307684,530800
2012-02-29,30.345678,30.666666,30.098766,30.172840,17.195116,1408900
2012-03-01,30.172840,30.296297,29.950617,30.024691,17.110685,1204600
2012-03-02,29.925926,30.370371,29.876543,30.049383,17.124756,768500
2012-03-05,29.901234,30.592592,29.901234,30.419754,17.335823,1030500
2012-03-06,30.148148,30.271605,29.802469,29.827160,16.998116,825900
2012-03-07,29.827160,30.419754,29.728395,30.320988,17.279539,861600
2012-03-08,30.444445,31.061728,30.246914,31.012346,17.673534,1315200
2012-03-09,30.839506,31.283951,30.839506,31.160494,17.757967,665700
2012-03-12,31.086420,31.209877,30.987654,31.111111,17.729826,518400
2012-03-13,31.234568,31.530865,31.086420,31.481482,17.940893,1147200
2012-03-14,31.234568,31.728395,30.987654,31.703703,18.067535,1199400
2012-03-15,31.925926,32.543209,31.802469,32.493828,18.517813,1604500
2012-03-16,32.370369,32.567902,32.197533,32.493828,18.517813,1132500
2012-03-19,31.876543,32.987656,31.358025,32.839508,18.714813,1397200
2012-03-20,32.469135,32.888889,32.148148,32.469135,18.503740,1673900
2012-03-21,33.333332,35.061729,33.160492,33.604939,19.151020,4034800
2012-03-22,33.333332,33.654320,32.617283,32.617283,18.588169,1997400
2012-03-23,32.617283,32.913582,32.469135,32.888889,18.742956,1299400
2012-03-26,33.679012,33.950619,32.938271,33.234570,18.939953,1956100
2012-03-27,33.333332,33.481480,32.913582,33.037037,18.827383,942200
2012-03-28,33.037037,33.111111,32.370369,32.716049,18.644451,1058300
2012-03-29,32.493828,32.864197,32.370369,32.617283,18.588169,822800
2012-03-30,32.814816,32.839508,32.469135,32.592594,18.574102,744300
2012-04-02,32.493828,32.814816,32.345680,32.617283,18.588169,922400
2012-04-03,32.666668,32.691357,32.049381,32.370369,18.447458,831700
2012-04-04,32.098766,32.148148,31.506172,31.604939,18.011248,1080900
2012-04-05,31.456791,31.802469,31.382715,31.407408,17.898676,829200
2012-04-09,31.037037,31.061728,30.691359,30.839506,17.575043,1056300
2012-04-10,30.839506,30.938272,30.444445,30.493828,17.378040,1131300
2012-04-11,30.666666,31.308641,30.567902,30.888889,17.603178,957900
2012-04-12,30.419754,30.888889,30.395061,30.839506,17.643583,875700
2012-04-13,30.716049,30.839506,30.197531,30.222221,17.290422,841700
2012-04-16,30.320988,30.469135,30.024691,30.049383,17.191544,1101300
2012-04-17,30.222221,30.543209,30.197531,30.444445,17.417562,646300
2012-04-18,30.074074,30.098766,29.802469,29.876543,17.092661,977700
2012-04-19,29.802469,29.950617,29.506172,29.753086,17.022026,942300
2012-04-20,29.827160,30.271605,29.629629,30.148148,17.248049,1245500
2012-04-23,29.925926,30.296297,29.753086,30.197531,17.276299,1124000
2012-04-24,30.172840,30.271605,29.481482,29.703703,16.993780,958700
2012-04-25,30.000000,30.024691,29.456791,29.580246,16.923145,888000
2012-04-26,29.555555,29.827160,29.432098,29.679012,16.979654,981000
2012-04-27,29.876543,30.074074,29.629629,29.901234,17.106783,678800
2012-04-30,29.925926,30.049383,29.703703,30.024691,17.177420,763600
2012-05-01,29.975309,30.370371,29.827160,30.271605,17.318680,796500
2012-05-02,30.074074,30.296297,29.950617,30.148148,17.248049,903000
2012-05-03,30.049383,30.172840,28.790123,28.888889,16.527613,2104500
2012-05-04,28.691359,28.814816,28.419754,28.444445,16.273340,1775500
2012-05-07,28.222221,28.370371,27.876543,27.876543,15.948442,850500
2012-05-08,27.679012,27.901234,27.333334,27.629629,15.807182,1261900
2012-05-09,27.308641,27.802469,27.283951,27.654322,15.821305,835700
2012-05-10,27.851852,27.876543,27.555555,27.703703,15.849561,1433100
2012-05-11,27.555555,27.777779,27.283951,27.654322,15.821305,1106400
2012-05-14,27.358025,27.679012,27.234568,27.382715,15.665917,684400
2012-05-15,27.407408,27.481482,27.086420,27.160494,15.538784,1063000
2012-05-16,27.209877,27.456791,26.790123,26.814816,15.341016,831500
2012-05-17,26.790123,26.790123,26.197531,26.271605,15.030243,795700
2012-05-18,26.296297,26.320988,25.506172,25.629629,14.662962,1189400
2012-05-21,25.654322,26.148148,25.506172,26.024691,14.888978,928700
2012-05-22,26.098766,26.148148,25.827160,25.950617,14.846600,644800
2012-05-23,25.802469,26.000000,25.456791,25.925926,14.832474,740700
2012-05-24,26.049383,26.074074,25.728395,26.000000,14.874851,705800
2012-05-25,26.098766,26.345678,25.975309,26.222221,15.001987,924900
2012-05-29,26.839506,27.456791,26.814816,27.358025,15.651793,2489200
2012-05-30,27.209877,27.481482,26.888889,27.358025,15.651793,2041600
2012-05-31,27.308641,27.530865,26.938272,27.432098,15.694172,2249100
2012-06-01,27.925926,29.086420,26.617285,26.864197,15.369270,3945500
2012-06-04,26.888889,27.283951,26.814816,27.259260,15.595289,1939700
2012-06-05,27.061728,27.456791,26.962963,27.308641,15.623537,1807000
2012-06-06,27.506172,28.370371,27.456791,28.320988,16.202715,1581700
2012-06-07,28.592592,29.160494,28.246914,28.320988,16.202715,3470000
2012-06-08,28.222221,28.493828,27.975309,28.444445,16.273340,1440700
2012-06-11,28.518518,28.839506,28.197531,28.320988,16.202715,1532000
2012-06-12,28.493828,28.617285,28.222221,28.567902,16.343973,1309400
2012-06-13,28.641975,29.234568,28.395061,28.691359,16.414600,1657600
2012-06-14,28.716049,28.938272,28.469135,28.765432,16.456982,1277400
2012-06-15,29.308641,30.296297,29.283951,30.222221,17.290422,2064900
2012-06-18,28.839506,29.506172,28.641975,29.283951,16.753632,2270100
2012-06-19,29.456791,29.506172,28.938272,29.037037,16.612371,1434500
2012-06-20,29.061728,29.580246,28.888889,29.382715,16.810139,1514900
2012-06-21,29.382715,29.382715,28.617285,29.012346,16.598248,1956100
2012-06-22,29.086420,29.407408,29.012346,29.283951,16.753632,1638000
2012-06-25,29.061728,29.086420,28.666666,28.938272,16.555868,952200
2012-06-26,28.888889,29.086420,28.716049,28.888889,16.527613,938500
2012-06-27,28.814816,29.506172,28.814816,29.382715,16.810139,853100
2012-06-28,29.259260,29.382715,28.888889,29.308641,16.767763,790600
2012-06-29,29.728395,29.925926,29.456791,29.925926,17.120911,966500
2012-07-02,29.925926,30.049383,29.530865,29.876543,17.092661,1216500
2012-07-03,29.777779,30.024691,29.728395,30.024691,17.177420,811500
2012-07-05,30.049383,30.049383,29.382715,29.530865,16.894896,3073600
2012-07-06,29.333334,29.456791,28.716049,28.716049,16.428730,3104200
2012-07-09,28.839506,29.061728,28.246914,28.493828,16.301598,3104700
2012-07-10,28.641975,28.839506,28.296297,28.469135,16.287474,1436200
2012-07-11,28.444445,28.814816,28.296297,28.666666,16.400476,1596100
2012-07-12,28.444445,28.691359,28.000000,28.320988,16.270823,2074000
2012-07-13,28.370371,28.814816,28.197531,28.345678,16.285009,1024800
2012-07-16,28.345678,28.395061,27.703703,27.876543,16.015482,1471700
2012-07-17,27.925926,28.222221,27.530865,28.123457,16.157337,1024800
2012-07-18,28.074074,28.395061,27.950617,28.271605,16.242453,1448100
2012-07-19,28.320988,28.395061,27.901234,27.975309,16.072222,1444100
2012-07-20,27.851852,27.950617,27.432098,27.456791,15.774330,1065200
2012-07-23,27.037037,27.135803,26.592592,26.864197,15.433876,1429200
2012-07-24,26.913580,27.185184,26.765432,26.913580,15.462251,4041500
2012-07-25,26.962963,27.209877,26.641975,26.790123,15.391317,1127000
2012-07-26,27.160494,27.283951,26.814816,26.913580,15.462251,1457700
2012-07-27,27.037037,27.580246,26.962963,27.555555,15.831072,1720300
2012-07-30,28.024691,28.716049,27.851852,28.296297,16.256638,2145700
2012-07-31,28.222221,28.666666,27.975309,28.567902,16.412676,2823800
2012-08-01,28.592592,28.962963,28.271605,28.740740,16.511980,1712000
2012-08-02,28.419754,28.765432,27.975309,28.246914,16.228268,1702400
2012-08-03,28.543209,28.938272,28.395061,28.864197,16.582905,910900
2012-08-06,28.864197,29.160494,28.765432,29.037037,16.682201,617900
2012-08-07,29.061728,29.283951,28.962963,29.283951,16.824059,1521900
2012-08-08,29.135803,29.580246,29.061728,29.456791,16.923359,685700
2012-08-09,29.456791,29.629629,29.333334,29.629629,17.022657,595600
2012-08-10,29.555555,29.876543,29.407408,29.827160,17.136143,487500
2012-08-13,29.679012,29.777779,29.259260,29.580246,16.994284,846300
2012-08-14,29.728395,29.802469,29.382715,29.481482,16.937544,994300
2012-08-15,29.530865,29.777779,29.407408,29.753086,17.093580,922500
2012-08-16,29.802469,29.925926,29.456791,29.555555,16.980097,1340800
2012-08-17,29.703703,29.753086,29.456791,29.555555,16.980097,1048700
2012-08-20,29.481482,29.629629,28.716049,29.209877,16.781498,1722200
2012-08-21,29.185184,29.530865,29.061728,29.209877,16.781498,1024000
2012-08-22,29.135803,29.234568,28.666666,29.111111,16.724762,1269700
2012-08-23,29.111111,29.160494,28.691359,28.938272,16.625458,856800
2012-08-24,28.839506,29.135803,28.765432,29.037037,16.682201,650600
2012-08-27,29.061728,29.382715,28.765432,28.962963,16.639647,931000
2012-08-28,28.888889,29.234568,28.666666,29.061728,16.696388,795400
2012-08-29,29.037037,29.333334,28.790123,29.135803,16.738943,523400
2012-08-30,29.012346,29.407408,28.913580,29.160494,16.753130,1450200
2012-08-31,30.641975,31.283951,29.901234,30.148148,17.320549,6215300
2012-09-04,30.197531,30.222221,29.629629,29.876543,17.164507,2249300
2012-09-05,29.901234,29.925926,29.308641,29.530865,16.965912,1598700
2012-09-06,29.728395,30.222221,29.580246,30.222221,17.363104,1469200
2012-09-07,30.222221,30.320988,30.074074,30.222221,17.363104,739400
2012-09-10,30.024691,30.567902,30.024691,30.345678,17.434038,980700
2012-09-11,30.222221,30.716049,30.172840,30.691359,17.632633,1258400
2012-09-12,30.518518,31.111111,30.518518,31.111111,17.873791,1333600
2012-09-13,31.111111,31.629629,31.037037,31.308641,17.987274,1853100
2012-09-14,31.308641,32.049381,31.160494,32.049381,18.412838,1760300
2012-09-17,31.382715,31.555555,31.012346,31.333334,18.001455,1471900
2012-09-18,31.333334,31.530865,31.111111,31.358025,18.015642,755700
2012-09-19,31.333334,31.432098,30.987654,31.333334,18.001455,878900
2012-09-20,31.259260,31.407408,31.037037,31.382715,18.029829,733400
2012-09-21,31.481482,31.530865,30.938272,31.086420,17.859606,1402300
2012-09-24,31.037037,31.037037,30.814816,30.839506,17.717751,767000
2012-09-25,30.913580,30.987654,30.049383,30.123457,17.306370,1158800
2012-09-26,30.123457,30.320988,29.876543,30.123457,17.306370,842500
2012-09-27,30.172840,30.246914,29.753086,29.827160,17.136143,1597400
2012-09-28,29.802469,30.049383,29.506172,29.728395,17.079399,1820700
2012-10-01,29.851852,29.851852,29.358025,29.555555,16.980097,1724600
2012-10-02,29.555555,29.629629,28.987654,29.160494,16.753130,1069400
2012-10-03,29.111111,29.234568,28.691359,28.790123,16.540344,1089600
2012-10-04,28.469135,28.666666,28.197531,28.370371,16.299196,1831200
2012-10-05,28.493828,28.617285,28.000000,28.049383,16.114780,1651500
2012-10-08,28.000000,28.345678,27.975309,28.098766,16.143154,1277000
2012-10-09,28.148148,28.222221,27.753086,27.876543,16.015482,1018900
2012-10-10,27.629629,27.777779,27.234568,27.283951,15.675033,1499200
2012-10-11,27.234568,27.456791,26.888889,27.111111,15.644539,1195800
2012-10-12,27.160494,27.259260,26.740740,26.888889,15.516304,1007300
2012-10-15,26.987654,27.135803,26.716049,27.012346,15.587548,1546200
2012-10-16,27.061728,27.407408,26.938272,27.283951,15.744274,701700
2012-10-17,27.555555,27.555555,27.111111,27.432098,15.829764,1142300
2012-10-18,27.333334,27.555555,27.234568,27.358025,15.787019,801800
2012-10-19,27.259260,27.283951,26.765432,26.888889,15.516304,839700
2012-10-22,26.814816,27.061728,26.666666,27.012346,15.587548,946400
2012-10-23,26.765432,26.938272,26.567902,26.790123,15.459311,1047800
2012-10-24,26.888889,27.012346,26.395061,26.666666,15.388068,1068400
2012-10-25,26.839506,27.185184,26.790123,26.839506,15.487806,779600
2012-10-26,26.864197,26.987654,26.592592,26.666666,15.388068,502600
2012-10-31,26.641975,27.135803,26.617285,27.135803,15.658785,974000
2012-11-01,27.086420,27.679012,27.061728,27.654322,15.958000,1177200
2012-11-02,27.728395,27.753086,27.283951,27.456791,15.844015,736300
2012-11-05,27.308641,27.975309,27.283951,27.777779,16.029242,1137800
2012-11-06,27.827160,28.395061,27.802469,28.320988,16.342699,837900
2012-11-07,28.074074,28.074074,27.283951,27.358025,15.787019,809000
2012-11-08,27.358025,27.604939,26.962963,26.962963,15.559049,632400
2012-11-09,26.962963,27.432098,26.962963,27.111111,15.644539,610800
2012-11-12,27.135803,27.481482,26.962963,27.432098,15.829764,562500
2012-11-13,27.283951,27.456791,27.135803,27.308641,15.758522,530400
2012-11-14,27.407408,27.481482,26.962963,27.037037,15.601794,825200
2012-11-15,27.086420,27.382715,27.012346,27.333334,15.772775,1074600
2012-11-16,27.382715,27.382715,26.888889,27.185184,15.687282,952000
2012-11-19,27.407408,27.679012,27.061728,27.654322,15.958000,1202300
2012-11-20,27.308641,27.629629,27.209877,27.506172,15.872510,953400
2012-11-21,27.654322,28.024691,27.530865,28.000000,16.157476,494700
2012-11-23,28.197531,28.691359,28.074074,28.691359,16.556423,398400
2012-11-26,28.493828,28.740740,28.197531,28.345678,16.356951,739400
2012-11-27,28.370371,28.765432,28.296297,28.444445,16.413946,732900
2012-11-28,28.271605,28.765432,28.123457,28.641975,16.527925,900500
2012-11-29,28.691359,28.987654,28.444445,28.814816,16.627666,502100
2012-11-30,28.765432,28.814816,28.345678,28.469135,16.428190,1165300
2012-12-03,28.641975,28.641975,27.876543,28.271605,16.314201,1465500
2012-12-04,28.271605,28.790123,28.123457,28.419754,16.399696,1289800
2012-12-05,28.493828,28.987654,28.345678,28.814816,16.627666,1247900
2012-12-06,28.691359,28.814816,27.580246,27.802469,16.043489,2508900
2012-12-07,27.777779,28.296297,27.679012,27.925926,16.114729,1682100
2012-12-10,27.802469,28.246914,27.432098,28.000000,16.157476,2069500
2012-12-11,28.074074,28.543209,27.925926,28.296297,16.328449,1166100
2012-12-12,28.345678,28.567902,28.123457,28.271605,16.314201,697400
2012-12-13,28.296297,28.518518,28.246914,28.345678,16.356951,1107700
2012-12-14,28.222221,28.864197,28.222221,28.814816,16.627666,1481900
2012-12-17,28.814816,28.888889,28.543209,28.864197,16.656162,925800
2012-12-18,28.864197,29.160494,28.691359,29.111111,16.798639,1347700
2012-12-19,29.185184,29.234568,28.641975,28.790123,16.613417,973200
2012-12-20,28.691359,28.814816,28.444445,28.814816,16.627666,755300
2012-12-21,28.641975,29.012346,28.222221,28.296297,16.328449,1366000
2012-12-24,28.172840,28.222221,27.975309,28.049383,16.185972,298600
2012-12-26,28.024691,28.049383,27.604939,27.604939,15.929502,634000
2012-12-27,27.580246,27.604939,27.012346,27.407408,15.815517,1024600
2012-12-28,27.160494,27.506172,27.061728,27.382715,15.801269,912700
2012-12-31,27.283951,27.975309,27.283951,27.950617,16.128975,1049100
2013-01-02,28.444445,28.444445,28.024691,28.296297,16.328449,1782000
2013-01-03,28.296297,28.641975,28.172840,28.567902,16.485182,702600
2013-01-04,28.716049,29.234568,28.592592,29.185184,16.841391,1472000
2013-01-07,29.407408,29.407408,28.716049,29.234568,16.869886,1381300
2013-01-08,29.259260,29.333334,28.765432,29.283951,16.898382,1390900
2013-01-09,29.308641,29.827160,29.283951,29.802469,17.197594,1286400
2013-01-10,29.802469,30.074074,29.629629,29.703703,17.140602,982600
2013-01-11,29.407408,29.530865,29.209877,29.530865,17.109987,812100
2013-01-14,29.753086,30.123457,29.728395,29.827160,17.281654,902000
2013-01-15,29.604939,29.753086,29.530865,29.604939,17.152903,805700
2013-01-16,29.530865,29.604939,29.185184,29.234568,16.938311,566000
2013-01-17,29.234568,29.728395,29.234568,29.555555,17.124294,640700
2013-01-18,29.530865,29.703703,29.259260,29.555555,17.124294,991100
2013-01-22,29.481482,29.728395,29.382715,29.679012,17.195822,788400
2013-01-23,29.654322,29.802469,29.530865,29.580246,17.138597,1605900
2013-01-24,29.481482,30.000000,29.456791,29.925926,17.338882,1986600
2013-01-25,30.000000,30.098766,29.753086,29.950617,17.353188,1251900
2013-01-28,30.000000,30.098766,29.777779,29.876543,17.310265,1623500
2013-01-29,29.802469,30.197531,29.432098,30.148148,17.467634,3027100
2013-01-30,30.172840,30.419754,30.074074,30.098766,17.439024,1952200
2013-01-31,30.024691,30.123457,29.802469,29.876543,17.310265,1823200
2013-02-01,30.074074,30.172840,29.827160,30.074074,17.424719,1296400
2013-02-04,29.876543,30.024691,29.827160,29.827160,17.281654,842200
2013-02-05,29.876543,30.098766,29.753086,29.901234,17.324575,918800
2013-02-06,29.753086,30.148148,29.703703,29.950617,17.353188,2246200
2013-02-07,29.950617,30.024691,29.432098,29.975309,17.367496,1101400
2013-02-08,29.975309,30.000000,29.654322,29.679012,17.195822,895500
2013-02-11,29.679012,29.851852,29.555555,29.604939,17.152903,862400
2013-02-12,29.604939,29.679012,29.407408,29.555555,17.124294,725400
2013-02-13,29.604939,29.728395,29.382715,29.432098,17.052757,1221600
2013-02-14,29.358025,29.802469,29.283951,29.802469,17.267351,1457100
2013-02-15,29.827160,30.370371,29.802469,30.222221,17.510546,1312700
2013-02-19,30.197531,30.444445,30.123457,30.246914,17.524862,1210000
2013-02-20,29.580246,29.580246,28.790123,29.012346,16.809559,2173000
2013-02-21,28.864197,28.987654,27.975309,28.123457,16.294544,1915900
2013-02-22,28.148148,28.370371,28.074074,28.172840,16.323156,875300
2013-02-25,28.172840,28.938272,28.148148,28.148148,16.308849,1483300
2013-02-26,28.222221,28.320988,27.654322,27.950617,16.194405,913500
2013-02-27,27.851852,28.641975,27.827160,28.592592,16.566360,1029900
2013-02-28,28.543209,29.234568,28.543209,29.185184,16.909702,1563000
2013-03-01,29.135803,29.580246,28.765432,29.555555,17.124294,1740900
2013-03-04,29.382715,29.629629,29.209877,29.580246,17.138597,1163300
2013-03-05,29.827160,29.950617,29.308641,29.580246,17.138597,1134600
2013-03-06,29.456791,29.802469,29.382715,29.753086,17.238739,1008900
2013-03-07,29.728395,29.950617,29.654322,29.876543,17.310265,1093100
2013-03-08,29.950617,30.197531,29.679012,30.123457,17.453327,1239100
2013-03-11,30.074074,30.246914,29.876543,30.222221,17.510546,726200
2013-03-12,30.148148,30.617285,30.148148,30.592592,17.725142,1032500
2013-03-13,30.617285,30.740740,30.493828,30.666666,17.768059,958700
2013-03-14,30.691359,30.740740,30.271605,30.345678,17.582085,1270600
2013-03-15,30.246914,30.987654,30.123457,30.938272,17.925426,1768700
2013-03-18,30.716049,31.259260,30.543209,31.209877,18.082796,1425300
2013-03-19,31.358025,31.358025,30.938272,31.086420,18.011263,1172100
2013-03-20,31.209877,31.827160,31.209877,31.703703,18.368916,1516200
2013-03-21,31.555555,31.679012,31.333334,31.358025,18.168633,881900
2013-03-22,31.604939,31.604939,31.086420,31.432098,18.211552,952000
2013-03-25,31.950617,32.049381,31.679012,31.827160,18.440445,1609500
2013-03-26,32.148148,32.296295,31.160494,31.654322,18.340303,2640600
2013-03-27,33.234570,33.703705,32.617283,32.888889,19.055603,4585800
2013-03-28,32.814816,33.456791,32.617283,33.456791,19.384636,2760800
2013-04-01,33.456791,33.975307,33.234570,33.950619,19.670761,1958300
2013-04-02,34.148148,34.172840,33.629631,33.777779,19.570618,1979300
2013-04-03,33.679012,33.925926,33.234570,33.481480,19.398937,2920600
2013-04-04,33.432098,33.604939,33.111111,33.456791,19.384636,2477900
2013-04-05,33.209877,34.049381,33.135803,34.024693,19.713678,2132400
2013-04-08,33.851852,34.197533,33.530865,34.197533,19.813822,3271000
2013-04-09,34.172840,34.518520,34.024693,34.419754,19.942579,1576500
2013-04-10,34.592594,34.962963,34.469135,34.765430,20.142859,1841600
2013-04-11,34.419754,34.814816,34.345680,34.740742,20.198275,1226000
2013-04-12,34.567902,34.641975,33.876545,33.950619,19.738894,1763800
2013-04-15,33.851852,34.370369,33.851852,34.049381,19.796316,1376000
2013-04-16,34.320988,34.938271,34.049381,34.913582,20.298759,1366400
2013-04-17,34.740742,35.012344,34.395061,34.814816,20.241339,1828500
2013-04-18,34.790123,35.259258,34.641975,34.716049,20.183918,1813000
2013-04-19,34.814816,35.012344,34.567902,34.790123,20.226986,1150200
2013-04-22,34.839508,35.086418,34.518520,35.061729,20.384899,1000800
2013-04-23,35.234570,35.234570,34.790123,35.111111,20.413607,1343000
2013-04-24,35.160492,36.172840,35.037037,35.925926,20.887346,1747800
2013-04-25,35.950619,36.839508,35.925926,36.419754,21.174456,1788600
2013-04-26,36.370369,36.641975,36.024693,36.172840,21.030895,1122700
2013-04-29,36.370369,36.864197,36.271606,36.666668,21.318007,1531100
2013-04-30,36.691357,36.913582,36.444443,36.888889,21.447210,1449900
2013-05-01,36.888889,37.012344,36.246914,36.320988,21.117025,1237900
2013-05-02,36.320988,36.567902,36.123455,36.469135,21.203165,1011200
2013-05-03,36.790123,36.864197,36.444443,36.814816,21.404137,1143800
2013-05-06,36.765430,36.913582,36.493828,36.839508,21.418491,641300
2013-05-07,36.839508,37.234570,36.790123,36.888889,21.447210,1636500
2013-05-08,36.938271,37.308643,36.740742,37.283951,21.676895,1361700
2013-05-09,37.185184,37.308643,36.913582,37.061729,21.547697,935000
2013-05-10,37.061729,37.259258,36.691357,36.938271,21.475918,1022100
2013-05-13,36.790123,37.037037,36.691357,36.765430,21.375422,947200
2013-05-14,36.790123,37.432098,36.790123,37.382717,21.734318,575500
2013-05-15,37.160492,37.654320,36.938271,37.530865,21.820448,621700
2013-05-16,37.407406,38.074074,37.407406,37.827160,21.992714,1098500
2013-05-17,37.802467,38.271606,37.654320,38.197533,22.208050,916300
2013-05-20,38.222221,38.518520,38.123455,38.271606,22.251122,742200
2013-05-21,38.246914,38.469135,38.123455,38.246914,22.236759,852500
2013-05-22,38.222221,38.444443,37.555557,37.679012,21.906580,844000
2013-05-23,37.432098,37.753086,37.308643,37.432098,21.763031,1094300
2013-05-24,37.259258,37.753086,37.209877,37.604939,21.863516,713000
2013-05-28,37.851852,38.395061,37.086418,37.555557,21.834810,1581400
2013-05-29,37.333332,37.654320,36.913582,37.407406,21.748669,864500
2013-05-30,37.506172,37.753086,37.358025,37.654320,21.892229,890100
2013-05-31,37.580246,37.950619,35.802467,35.802467,20.815557,4064900
2013-06-03,36.000000,37.185184,36.000000,36.641975,21.303652,2776800
2013-06-04,35.530865,36.666668,34.790123,36.469135,21.203165,2718700
2013-06-05,36.320988,36.641975,36.000000,36.024693,20.944763,1267300
2013-06-06,36.000000,36.666668,35.901234,36.641975,21.303652,1428700
2013-06-07,36.790123,37.308643,36.567902,36.888889,21.447210,3204600
2013-06-10,37.037037,37.160492,35.555557,36.246914,21.073959,3803800
2013-06-11,36.000000,36.765430,35.604939,36.716049,21.346716,3616500
2013-06-12,34.814816,34.814816,33.209877,33.555557,20.915781,1524400
2013-06-13,33.580246,34.246914,33.358025,34.222221,21.331324,1997800
2013-06-14,34.222221,34.296295,33.604939,33.679012,20.992735,943200
2013-06-17,33.901234,34.049381,33.580246,33.753086,21.038912,955200
2013-06-18,33.753086,33.777779,33.481480,33.728394,21.023516,912300
2013-06-19,33.604939,33.901234,32.913582,33.012344,20.577188,814200
2013-06-20,32.814816,32.839508,31.975309,32.172840,20.053913,968300
2013-06-21,32.345680,32.444443,31.901234,32.271606,20.115473,1136300
2013-06-24,31.876543,32.197533,31.506172,31.901234,19.884615,1090500
2013-06-25,32.123455,32.419754,31.901234,32.370369,20.177032,1016700
2013-06-26,32.666668,33.555557,32.567902,33.481480,20.869612,1510200
2013-06-27,33.555557,33.728394,33.382717,33.629631,20.961956,1204700
2013-06-28,33.580246,34.543209,33.580246,34.395061,21.439062,2952200
2013-07-01,34.469135,34.543209,34.024693,34.320988,21.392893,1113700
2013-07-02,34.246914,34.790123,33.975307,34.395061,21.439062,1618300
2013-07-03,34.098766,34.222221,33.753086,34.172840,21.300545,708300
2013-07-05,34.246914,34.543209,34.049381,34.518520,21.516016,834000
2013-07-08,34.567902,34.888889,34.395061,34.864197,21.731487,996500
2013-07-09,35.012344,35.185184,34.691357,34.839508,21.716097,1059100
2013-07-10,34.790123,35.086418,34.666668,34.987656,21.808439,563500
2013-07-11,35.209877,35.308643,34.790123,34.962963,21.868046,791800
2013-07-12,34.987656,35.111111,34.716049,34.814816,21.775393,687600
2013-07-15,34.814816,35.061729,34.740742,35.012344,21.898930,710600
2013-07-16,34.938271,35.135803,34.518520,34.864197,21.806273,835800
2013-07-17,34.888889,35.456791,34.839508,35.086418,21.945261,598600
2013-07-18,35.160492,35.358025,35.037037,35.160492,21.991602,682300
2013-07-19,35.086418,35.234570,34.790123,34.913582,21.837160,662500
2013-07-22,35.753086,36.518520,35.185184,36.049381,22.547564,1572100
2013-07-23,36.246914,36.419754,36.049381,36.123455,22.593897,1504600
2013-07-24,36.172840,36.938271,36.098766,36.641975,22.918211,1080800
2013-07-25,36.493828,36.666668,36.320988,36.617283,22.902765,853000
2013-07-26,36.395061,36.814816,36.345680,36.790123,23.010870,757500
2013-07-29,36.790123,36.962963,36.518520,36.913582,23.088093,689600
2013-07-30,37.012344,37.580246,36.962963,37.580246,23.505064,1333300
2013-07-31,37.530865,37.925926,37.432098,37.753086,23.613165,1167000
2013-08-01,37.901234,38.592594,37.753086,38.444443,24.045588,759700
2013-08-02,38.345680,38.666668,38.197533,38.641975,24.169134,650200
2013-08-05,38.493828,38.864197,38.320988,38.691357,24.200020,694600
2013-08-06,38.641975,38.987656,38.345680,38.691357,24.200020,744700
2013-08-07,38.493828,38.864197,38.222221,38.740742,24.230906,641100
2013-08-08,38.814816,39.061729,38.691357,38.913582,24.339014,613600
2013-08-09,38.888889,39.135803,38.765430,39.061729,24.431681,465300
2013-08-12,38.913582,39.506172,38.814816,39.382717,24.632439,580900
2013-08-13,39.506172,39.654320,39.308643,39.382717,24.632439,748600
2013-08-14,39.506172,39.506172,38.765430,38.790123,24.261799,1254600
2013-08-15,38.469135,38.469135,37.827160,37.876545,23.690390,1069800
2013-08-16,37.753086,38.000000,37.432098,37.901234,23.705822,992600
2013-08-19,37.802467,37.925926,37.580246,37.580246,23.505064,913200
2013-08-20,37.629631,37.925926,37.555557,37.753086,23.613165,527900
2013-08-21,37.679012,37.827160,37.333332,37.481480,23.443285,711700
2013-08-22,37.506172,38.024693,37.506172,37.950619,23.736713,457600
2013-08-23,38.074074,38.296295,37.950619,38.222221,23.906595,666500
2013-08-26,38.197533,38.666668,38.197533,38.370369,23.999258,594000
2013-08-27,38.074074,38.197533,37.777779,37.851852,23.674944,586700
2013-08-28,37.728394,37.851852,37.061729,37.308643,23.335182,896900
2013-08-29,37.160492,37.876545,37.037037,37.703705,23.582283,745200
2013-08-30,37.629631,37.629631,37.061729,37.209877,23.273409,692700
2013-09-03,37.604939,37.950619,37.234570,37.407406,23.396954,966000
2013-09-04,35.333332,35.975307,34.148148,35.580246,22.254139,3224700
2013-09-05,35.555557,35.555557,35.135803,35.382717,22.130587,2476100
2013-09-06,35.432098,35.580246,35.160492,35.481480,22.192360,1097400
2013-09-09,35.555557,35.802467,35.506172,35.654320,22.300472,913900
2013-09-10,35.654320,36.000000,35.456791,35.728394,22.346794,1022300
2013-09-11,35.580246,36.469135,35.580246,36.469135,22.810101,1141200
2013-09-12,36.024693,37.308643,35.481480,36.938271,23.103533,4008800
2013-09-13,36.839508,38.123455,36.814816,38.049381,23.798487,1910400
2013-09-16,38.271606,38.567902,37.777779,38.444443,24.045588,1896700
2013-09-17,38.518520,38.666668,38.123455,38.271606,23.937479,1769500
2013-09-18,38.444443,38.469135,37.728394,38.000000,23.767599,2200800
2013-09-19,38.000000,38.197533,37.308643,37.703705,23.582283,1970200
2013-09-20,37.679012,37.728394,36.962963,37.333332,23.350626,13277300
2013-09-23,37.209877,37.580246,36.987656,37.555557,23.489620,2141100
2013-09-24,37.604939,37.802467,37.555557,37.580246,23.505064,1990800
2013-09-25,37.753086,39.012344,37.629631,38.839508,24.292683,2309200
2013-09-26,38.938271,39.506172,38.864197,39.259258,24.555225,2479800
2013-09-27,39.160492,39.728394,38.987656,39.580246,24.755993,2599800
2013-09-30,43.849998,45.970001,43.750000,45.520000,28.471087,1687900
2013-10-01,45.049999,47.669998,45.000000,47.279999,29.571899,2222600
2013-10-02,47.020000,47.189999,45.560001,46.930000,29.352991,1597700
2013-10-03,45.750000,46.639999,45.750000,45.970001,28.752542,1056800
2013-10-04,45.980000,46.360001,45.580002,46.090000,28.827600,984300
2013-10-07,45.520000,46.040001,45.299999,45.299999,28.333488,1015800
2013-10-08,45.240002,45.830002,45.070000,45.450001,28.427303,1008400
2013-10-09,45.439999,45.830002,45.009998,45.310001,28.339739,915600
2013-10-10,45.480000,46.000000,45.360001,45.990002,28.969648,812200
2013-10-11,46.119999,46.419998,45.900002,46.310001,29.171228,385600
2013-10-14,45.889999,46.369999,45.709999,46.270000,29.146025,559400
2013-10-15,46.250000,46.520000,45.660000,45.669998,28.768082,825500
2013-10-16,46.150002,46.360001,45.730000,46.349998,29.196421,587900
2013-10-17,45.900002,46.259998,45.380001,45.820000,28.862564,693100
2013-10-18,45.910000,46.820000,45.820000,46.779999,29.467279,591100
2013-10-21,46.570000,47.320000,46.180000,47.240002,29.757038,686100
2013-10-22,47.180000,47.419998,46.869999,47.029999,29.624762,425800
2013-10-23,47.009998,47.250000,46.830002,47.040001,29.631058,294400
2013-10-24,47.060001,47.619999,47.000000,47.509998,29.927111,407400
2013-10-25,47.759998,47.759998,47.110001,47.330002,29.813734,241700
2013-10-28,47.459999,47.459999,47.119999,47.250000,29.763340,307200
2013-10-29,47.240002,47.759998,47.209999,47.369999,29.838926,410400
2013-10-30,47.630001,47.630001,46.950001,47.250000,29.763340,630300
2013-10-31,47.400002,47.520000,46.919998,47.090000,29.662558,631400
2013-11-01,47.400002,47.490002,46.750000,47.410000,29.864122,391900
2013-11-04,47.730000,47.730000,47.040001,47.119999,29.681454,499600
2013-11-05,47.119999,47.290001,46.740002,46.930000,29.561768,390200
2013-11-06,47.400002,47.630001,46.830002,46.959999,29.580666,303400
2013-11-07,47.049999,47.290001,46.770000,46.779999,29.467279,369200
2013-11-08,46.720001,47.529999,46.500000,47.419998,29.870420,283300
2013-11-11,47.230000,47.730000,47.110001,47.669998,30.027905,470300
2013-11-12,47.500000,47.980000,47.430000,47.680000,30.034201,402900
2013-11-13,47.590000,48.689999,47.200001,48.689999,30.670412,348300
2013-11-14,48.490002,48.939999,48.400002,48.509998,30.557026,273000
2013-11-15,48.290001,49.099998,48.240002,48.900002,30.802692,524400
2013-11-18,48.750000,49.020000,48.340000,48.419998,30.500336,377100
2013-11-19,48.430000,48.830002,48.279999,48.720001,30.689306,448600
2013-11-20,48.669998,49.060001,48.270000,48.349998,30.456238,254300
2013-11-21,47.549999,49.049999,47.549999,49.020000,30.878284,179000
2013-11-22,48.900002,49.180000,48.709999,48.770000,30.720800,173800
2013-11-25,48.669998,48.689999,48.330002,48.380001,30.475140,203800
2013-11-26,48.330002,49.009998,48.189999,48.799999,30.739704,531300
2013-11-27,48.669998,48.740002,48.130001,48.430000,30.506636,449000
2013-11-29,48.389999,48.770000,48.389999,48.630001,30.632614,176400
2013-12-02,48.220001,49.090000,48.000000,48.880001,30.790092,350300
2013-12-03,46.340000,47.340000,40.209999,41.709999,26.273628,3762100
2013-12-04,41.279999,41.630001,40.389999,41.430000,26.097252,1511100
2013-12-05,40.439999,41.450001,40.439999,41.389999,26.072048,945600
2013-12-06,41.570000,41.869999,41.330002,41.570000,26.185438,733300
2013-12-09,41.570000,41.750000,41.340000,41.570000,26.185438,800800
2013-12-10,41.509998,43.799999,41.450001,42.419998,26.720871,1446800
2013-12-11,42.150002,42.220001,40.990002,41.419998,26.090950,1075400
2013-12-12,40.180000,41.240002,40.180000,40.599998,25.574421,892300
2013-12-13,41.490002,43.779999,41.490002,43.139999,27.174398,1996100
2013-12-16,43.130001,43.700001,42.470001,42.849998,26.991724,974200
2013-12-17,43.230000,43.660000,42.770000,43.650002,27.495651,835000
2013-12-18,43.939999,44.520000,43.689999,44.439999,27.993284,949000
2013-12-19,44.509998,44.520000,44.090000,44.279999,27.892500,597000
2013-12-20,44.570000,46.439999,44.419998,45.130001,28.427921,2321900
2013-12-23,45.110001,45.810001,45.110001,45.310001,28.541306,617300
2013-12-24,44.930000,46.180000,44.900002,45.939999,28.938156,384400
2013-12-26,45.650002,46.619999,45.509998,46.240002,29.127129,482000
2013-12-27,46.160000,46.660000,45.560001,46.509998,29.297201,480700
2013-12-30,46.259998,46.720001,46.150002,46.419998,29.240509,495700
2013-12-31,46.419998,46.830002,46.369999,46.490002,29.284605,483400
2014-01-02,46.080002,46.619999,45.980000,46.250000,29.133423,819900
2014-01-03,46.599998,47.119999,46.330002,46.939999,29.568066,895900
2014-01-06,46.900002,46.970001,46.240002,46.400002,29.227922,853100
2014-01-07,46.240002,47.799999,46.110001,47.509998,29.927111,1359900
2014-01-08,47.349998,47.910000,46.970001,47.590000,29.977510,1635200
2014-01-09,47.880001,48.270000,47.580002,47.799999,30.109787,870300
2014-01-10,47.380001,48.189999,47.290001,47.770000,30.090897,650700
2014-01-13,47.029999,47.580002,46.400002,46.509998,29.494780,577400
2014-01-14,46.570000,47.060001,46.560001,46.820000,29.691376,662100
2014-01-15,47.180000,47.590000,46.779999,47.439999,30.084545,672300
2014-01-16,47.250000,47.349998,46.450001,46.740002,29.640644,722700
2014-01-17,46.459999,46.790001,45.740002,46.490002,29.482098,868900
2014-01-21,46.500000,46.990002,45.970001,46.380001,29.412344,630700
2014-01-22,46.270000,46.310001,45.849998,46.000000,29.171360,802600
2014-01-23,45.610001,46.150002,45.410000,45.930000,29.126978,880200
2014-01-24,45.830002,45.900002,44.779999,45.480000,28.841602,1028300
2014-01-27,45.380001,45.709999,44.720001,45.180000,28.651354,842700
2014-01-28,45.259998,45.869999,45.139999,45.639999,28.943068,432800
2014-01-29,45.439999,45.709999,44.630001,44.990002,28.530867,1015400
2014-01-30,45.750000,45.750000,44.970001,45.270000,28.708427,544700
2014-01-31,44.820000,45.740002,44.799999,45.340000,28.752813,566900
2014-02-03,45.110001,45.680000,43.830002,44.000000,27.903042,923000
2014-02-04,44.099998,44.459999,43.830002,44.369999,28.137678,1208200
2014-02-05,44.349998,44.830002,43.919998,44.439999,28.182070,533900
2014-02-06,44.330002,44.860001,44.299999,44.750000,28.378664,585900
2014-02-07,44.799999,45.000000,44.480000,44.759998,28.385006,891300
2014-02-10,44.549999,44.900002,44.509998,44.889999,28.467442,381800
2014-02-11,44.779999,45.250000,44.590000,45.029999,28.556217,288300
2014-02-12,45.029999,45.250000,44.529999,44.689999,28.340612,399900
2014-02-13,44.310001,45.320000,44.310001,45.299999,28.727451,421500
2014-02-14,45.360001,45.459999,44.919998,45.360001,28.765495,215500
2014-02-18,45.139999,46.130001,45.139999,46.070000,29.215754,368900
2014-02-19,45.730000,46.110001,45.380001,45.529999,28.873304,769200
2014-02-20,45.459999,45.939999,45.259998,45.730000,29.000132,292000
2014-02-21,45.990002,45.990002,45.459999,45.509998,28.860619,572400
2014-02-24,45.410000,45.650002,44.980000,45.049999,28.568909,601500
2014-02-25,45.000000,45.259998,44.759998,44.939999,28.499146,906900
2014-02-26,44.939999,45.320000,44.759998,45.040001,28.562571,633500
2014-02-27,45.020000,45.340000,44.619999,44.650002,28.315239,553900
2014-02-28,44.660000,45.070000,44.360001,44.660000,28.321589,556500
2014-03-03,44.200001,44.790001,43.779999,44.669998,28.327930,481700
2014-03-04,44.790001,45.340000,44.360001,45.270000,28.708427,370900
2014-03-05,45.230000,45.230000,44.500000,44.799999,28.410370,465400
2014-03-06,44.919998,44.970001,44.360001,44.430000,28.175728,403400
2014-03-07,44.459999,44.619999,43.910000,44.389999,28.150366,689600
2014-03-10,44.130001,44.660000,43.930000,44.119999,27.979136,475600
2014-03-11,44.310001,44.410000,43.060001,43.200001,27.395712,916200
2014-03-12,42.880001,43.299999,42.610001,42.799999,27.142046,771200
2014-03-13,42.779999,43.160000,42.340000,42.400002,26.888390,863600
2014-03-14,42.209999,42.790001,42.169998,42.230000,26.780581,834000
2014-03-17,42.369999,42.799999,42.360001,42.490002,26.945463,594500
2014-03-18,42.480000,42.980000,42.380001,42.889999,27.199123,827700
2014-03-19,43.009998,43.189999,42.480000,42.630001,27.034245,533800
2014-03-20,42.500000,42.740002,42.049999,42.099998,26.698137,708400
2014-03-21,42.220001,42.560001,42.090000,42.310001,26.831306,1256000
2014-03-24,42.090000,42.529999,42.029999,42.349998,26.856680,1013600
2014-03-25,42.669998,43.110001,42.480000,42.980000,27.256191,804000
2014-03-26,43.240002,43.360001,42.889999,43.139999,27.357664,854200
2014-03-27,41.299999,41.299999,35.020000,35.200001,22.322430,4861700
2014-03-28,34.770000,35.500000,34.000000,34.639999,21.967312,2475000
2014-03-31,34.630001,35.490002,34.430000,35.369999,22.430237,1695500
2014-04-01,35.860001,37.080002,35.660000,37.049999,23.495632,2182500
2014-04-02,36.980000,37.200001,36.380001,36.709999,23.280016,1865200
2014-04-03,36.709999,36.959999,36.450001,36.849998,23.368797,1239200
2014-04-04,36.930000,37.450001,36.820000,36.970001,23.444893,2358000
2014-04-07,36.869999,37.169998,36.770000,36.950001,23.432209,1216400
2014-04-08,37.000000,37.529999,36.849998,37.209999,23.597097,904100
2014-04-09,37.279999,37.380001,36.869999,37.060001,23.501974,1412700
2014-04-10,36.970001,37.369999,36.660000,37.090000,23.520996,1321200
2014-04-11,36.150002,37.340000,36.049999,36.830002,23.559370,1772100
2014-04-14,36.459999,37.160000,36.459999,36.910000,23.610546,1235500
2014-04-15,36.860001,37.419998,36.730000,37.320000,23.872820,808900
2014-04-16,37.220001,37.509998,37.139999,37.369999,23.904802,952100
2014-04-17,37.220001,37.529999,37.060001,37.360001,23.898409,517800
2014-04-21,37.070000,37.590000,37.060001,37.250000,23.828045,629300
2014-04-22,37.099998,37.669998,37.099998,37.599998,24.051931,532900
2014-04-23,37.480000,37.730000,37.230000,37.570000,24.032736,443500
2014-04-24,37.580002,37.740002,37.099998,37.119999,23.744881,513100
2014-04-25,36.980000,37.070000,36.680000,36.849998,23.572166,567700
2014-04-28,36.910000,37.250000,36.669998,37.110001,23.738483,523300
2014-04-29,37.340000,37.689999,37.169998,37.250000,23.828045,581900
2014-04-30,37.310001,37.349998,36.810001,37.240002,23.821644,1281500
2014-05-01,37.500000,37.790001,37.209999,37.290001,23.853632,937600
2014-05-02,37.349998,37.509998,36.910000,36.980000,23.655325,853500
2014-05-05,35.820000,37.650002,35.700001,37.040001,23.693712,801900
2014-05-06,36.970001,37.139999,36.520000,36.990002,23.661724,995300
2014-05-07,37.000000,37.500000,36.619999,37.480000,23.975172,630300
2014-05-08,37.320000,38.119999,37.250000,37.450001,23.955976,503300
2014-05-09,37.389999,37.970001,37.279999,37.880001,24.231037,370000
2014-05-12,37.910000,38.520000,37.910000,38.320000,24.512497,430100
2014-05-13,38.279999,38.490002,38.150002,38.259998,24.474117,437600
2014-05-14,38.169998,38.240002,37.750000,37.860001,24.218241,371000
2014-05-15,37.669998,37.849998,36.820000,36.950001,23.636139,1312800
2014-05-16,36.840000,37.209999,36.639999,37.070000,23.712900,807300
2014-05-19,36.840000,37.570000,36.830002,37.500000,23.987963,452400
2014-05-20,37.410000,37.410000,36.680000,36.840000,23.565775,908700
2014-05-21,36.930000,37.160000,36.520000,36.900002,23.604156,602700
2014-05-22,36.799999,37.480000,36.570000,37.130001,23.751282,580700
2014-05-23,37.020000,37.959999,37.020000,37.740002,24.141485,445000
2014-05-27,37.720001,38.450001,37.610001,37.740002,24.141485,649000
2014-05-28,37.590000,38.500000,37.590000,38.029999,24.326990,840900
2014-05-29,38.150002,38.450001,37.619999,38.270000,24.480513,673800
2014-05-30,38.070000,38.310001,37.860001,38.150002,24.403751,3418300
2014-06-02,38.160000,38.720001,38.049999,38.490002,24.621246,610200
2014-06-03,38.119999,38.380001,37.810001,37.939999,24.269415,914600
2014-06-04,37.439999,40.070000,37.139999,40.040001,25.612751,1202400
2014-06-05,39.639999,40.509998,39.389999,40.380001,25.830235,757400
2014-06-06,40.660000,40.770000,40.259998,40.720001,26.047728,630000
2014-06-09,40.680000,40.700001,39.849998,40.040001,25.612751,645800
2014-06-10,40.080002,40.080002,39.570000,39.700001,25.395258,408900
2014-06-11,39.639999,39.689999,39.250000,39.349998,25.171370,433800
2014-06-12,39.200001,39.299999,38.790001,39.029999,24.966669,462500
2014-06-13,39.150002,39.790001,39.029999,39.410000,25.209749,857100
2014-06-16,39.340000,39.650002,38.900002,38.939999,24.909107,524700
2014-06-17,38.939999,39.520000,38.849998,38.980000,24.934689,595300
2014-06-18,38.950001,39.020000,38.610001,38.799999,24.819550,326100
2014-06-19,38.740002,38.930000,38.369999,38.560001,24.666025,372800
2014-06-20,38.660000,38.660000,38.270000,38.470001,24.608452,1413400
2014-06-23,38.470001,38.820000,38.410000,38.549999,24.659630,389300
2014-06-24,38.540001,38.740002,37.840000,37.919998,24.256622,640400
2014-06-25,37.790001,38.290001,37.790001,38.099998,24.371769,602000
2014-06-26,37.990002,37.990002,37.720001,37.849998,24.211851,300800
2014-06-27,37.720001,38.160000,37.650002,38.000000,24.307800,661900
2014-06-30,37.970001,38.470001,37.799999,38.340000,24.525291,649700
2014-07-01,38.310001,39.130001,38.310001,38.680000,24.742786,576900
2014-07-02,38.549999,38.720001,38.250000,38.380001,24.550879,349200
2014-07-03,38.349998,38.730000,38.310001,38.549999,24.659630,160500
2014-07-07,38.410000,38.570000,38.200001,38.279999,24.486904,282800
2014-07-08,38.160000,38.349998,37.740002,37.790001,24.173473,623800
2014-07-09,37.860001,38.119999,37.590000,37.759998,24.154278,398600
2014-07-10,37.320000,37.680000,37.200001,37.220001,23.808857,462600
2014-07-11,36.150002,37.139999,36.150002,36.990002,23.866922,413500
2014-07-14,37.250000,37.500000,37.080002,37.299999,24.066940,683900
2014-07-15,37.220001,37.520000,37.189999,37.279999,24.054043,793500
2014-07-16,37.389999,37.590000,37.259998,37.459999,24.170177,1153300
2014-07-17,37.450001,37.509998,37.240002,37.349998,24.099199,991000
2014-07-18,37.360001,37.650002,37.250000,37.619999,24.273411,425000
2014-07-21,37.470001,37.709999,37.310001,37.590000,24.254051,293600
2014-07-22,37.619999,37.919998,37.450001,37.619999,24.273411,357800
2014-07-23,37.509998,38.200001,37.509998,37.740002,24.350847,299400
2014-07-24,37.820000,38.020000,37.740002,37.880001,24.441172,264900
2014-07-25,37.720001,37.880001,37.430000,37.509998,24.202438,182000
2014-07-28,37.549999,37.549999,36.980000,37.270000,24.047579,277400
2014-07-29,37.299999,37.810001,37.029999,37.049999,23.905634,567200
2014-07-30,37.290001,37.500000,36.869999,37.490002,24.189541,454100
2014-07-31,37.250000,37.380001,36.610001,36.939999,23.834658,679300
2014-08-01,36.939999,36.939999,36.380001,36.660000,23.653999,540400
2014-08-04,36.610001,36.939999,36.430000,36.939999,23.834658,535700
2014-08-05,36.790001,37.099998,36.500000,37.000000,23.873375,445700
2014-08-06,36.680000,36.950001,36.630001,36.849998,23.776590,396100
2014-08-07,36.889999,37.049999,36.509998,36.580002,23.602379,343800
2014-08-08,36.750000,36.759998,36.400002,36.599998,23.615284,376800
2014-08-11,36.669998,36.910000,36.570000,36.720001,23.692713,266300
2014-08-12,36.619999,36.790001,36.450001,36.610001,23.621738,303900
2014-08-13,36.619999,36.939999,36.619999,36.900002,23.808857,183400
2014-08-14,36.799999,37.090000,36.580002,37.090000,23.931450,260600
2014-08-15,37.119999,37.240002,36.580002,36.810001,23.750782,152700
2014-08-18,37.020000,37.380001,36.860001,37.150002,23.970160,171700
2014-08-19,37.119999,37.650002,37.119999,37.500000,24.195992,195100
2014-08-20,37.400002,37.639999,37.200001,37.509998,24.202438,203900
2014-08-21,37.560001,37.980000,37.500000,37.869999,24.434723,180400
2014-08-22,37.900002,38.279999,37.759998,38.180000,24.634741,454400
2014-08-25,38.279999,38.279999,37.599998,37.790001,24.383106,194000
2014-08-26,37.770000,38.270000,37.750000,37.990002,24.512152,212500
2014-08-27,38.139999,38.139999,37.750000,37.950001,24.486343,183700
2014-08-28,37.689999,37.889999,37.430000,37.750000,24.357290,217900
2014-08-29,37.759998,37.939999,37.549999,37.650002,24.292772,376600
2014-09-02,37.650002,37.820000,37.450001,37.770000,24.370203,418400
2014-09-03,37.919998,38.099998,37.700001,37.930000,24.473440,251800
2014-09-04,38.020000,38.389999,37.959999,38.009998,24.525053,326600
2014-09-05,38.009998,38.310001,37.610001,38.200001,24.647648,247800
2014-09-08,38.119999,38.200001,37.590000,37.860001,24.428270,345600
2014-09-09,35.049999,35.570000,31.760000,33.209999,21.427969,3173600
2014-09-10,32.900002,35.330002,32.889999,35.250000,22.744226,1516800
2014-09-11,34.980000,35.150002,34.400002,35.119999,22.660349,783500
2014-09-12,35.000000,35.430000,34.990002,35.279999,22.763582,787500
2014-09-15,35.130001,35.340000,35.049999,35.259998,22.750683,699100
2014-09-16,35.639999,35.950001,35.270000,35.779999,23.086197,700200
2014-09-17,35.880001,36.110001,35.599998,35.930000,23.182981,377400
2014-09-18,36.020000,36.259998,35.860001,36.070000,23.273312,368300
2014-09-19,36.150002,36.590000,35.820000,35.830002,23.118465,1695300
2014-09-22,35.860001,36.099998,35.459999,35.459999,22.879726,417400
2014-09-23,35.340000,35.470001,34.549999,34.549999,22.292568,414100
2014-09-24,34.439999,34.630001,34.279999,34.549999,22.292568,373100
2014-09-25,34.500000,34.549999,34.220001,34.340000,22.157072,456500
2014-09-26,34.400002,34.430000,34.049999,34.330002,22.150621,330900
2014-09-29,34.070000,34.480000,34.000000,34.410000,22.202238,406300
2014-09-30,34.340000,34.549999,34.220001,34.330002,22.150621,332800
2014-10-01,34.330002,34.490002,33.860001,34.369999,22.176422,547500
2014-10-02,34.279999,34.459999,34.130001,34.380001,22.182878,391300
2014-10-03,34.540001,34.900002,34.509998,34.799999,22.453873,324100
2014-10-06,34.939999,35.180000,34.599998,34.900002,22.518394,545900
2014-10-07,35.189999,35.570000,34.849998,35.040001,22.608734,638000
2014-10-08,35.080002,36.180000,35.049999,36.110001,23.299128,718300
2014-10-09,36.099998,36.099998,34.790001,34.939999,22.544210,554600
2014-10-10,34.470001,35.340000,34.349998,34.490002,22.459558,591100
2014-10-13,34.389999,34.680000,34.070000,34.220001,22.283733,517900
2014-10-14,34.369999,34.720001,34.299999,34.700001,22.596300,484100
2014-10-15,34.410000,34.880001,34.209999,34.639999,22.557230,521000
2014-10-16,34.160000,34.689999,34.009998,34.570000,22.511648,619300
2014-10-17,34.759998,35.040001,34.439999,34.759998,22.635370,339900
2014-10-20,34.520000,34.669998,34.119999,34.500000,22.466070,809000
2014-10-21,34.740002,34.830002,34.470001,34.630001,22.550724,645700
2014-10-22,34.799999,35.040001,34.450001,34.480000,22.453043,552500
2014-10-23,34.840000,35.490002,34.700001,35.189999,22.915388,356900
2014-10-24,35.150002,35.430000,35.090000,35.380001,23.039116,264100
2014-10-27,35.400002,35.419998,35.189999,35.279999,22.973991,286100
2014-10-28,35.500000,35.529999,35.180000,35.500000,23.117250,650000
2014-10-29,35.630001,36.259998,35.540001,35.770000,23.293081,488900
2014-10-30,35.869999,36.279999,35.680000,36.130001,23.527506,561900
2014-10-31,36.500000,36.720001,36.349998,36.570000,23.814030,502400
2014-11-03,36.570000,36.849998,36.419998,36.639999,23.859608,478800
2014-11-04,37.880001,38.509998,37.330002,38.259998,24.914541,718200
2014-11-05,38.509998,38.610001,37.939999,38.220001,24.888493,629800
2014-11-06,38.220001,38.320000,37.910000,38.290001,24.934078,559900
2014-11-07,38.279999,39.009998,38.090000,38.959999,25.370367,1028700
2014-11-10,38.959999,39.650002,38.959999,39.610001,25.793652,464900
2014-11-11,39.570000,39.990002,39.360001,39.660000,25.826208,301500
2014-11-12,39.669998,39.959999,39.639999,39.889999,25.975985,383000
2014-11-13,39.900002,40.480000,39.869999,40.340000,26.269016,414200
2014-11-14,40.340000,40.430000,40.139999,40.310001,26.249481,315600
2014-11-17,40.450001,40.830002,40.200001,40.630001,26.457867,463600
2014-11-18,40.970001,40.970001,40.009998,40.020000,26.060638,545300
2014-11-19,39.860001,40.000000,39.470001,39.619999,25.800159,554000
2014-11-20,39.660000,39.820000,39.419998,39.709999,25.858770,387000
2014-11-21,40.000000,40.299999,39.930000,40.049999,26.080170,296000
2014-11-24,40.060001,40.369999,39.820000,40.259998,26.216919,319400
2014-11-25,40.200001,40.459999,40.090000,40.160000,26.151802,395300
2014-11-26,40.020000,40.369999,39.939999,40.119999,26.125753,370800
2014-11-28,40.330002,40.869999,40.270000,40.410000,26.314596,231500
2014-12-01,40.410000,40.500000,39.880001,39.880001,25.969471,641100
2014-12-02,39.880001,40.410000,39.700001,40.180000,26.164827,933900
2014-12-03,41.299999,43.849998,41.029999,42.830002,27.890484,1508700
2014-12-04,43.360001,43.450001,42.570000,43.080002,28.053280,719700
2014-12-05,43.250000,43.709999,43.200001,43.470001,28.307241,602000
2014-12-08,43.450001,43.869999,43.419998,43.549999,28.359335,665700
2014-12-09,42.830002,43.630001,42.669998,43.389999,28.255140,607100
2014-12-10,43.380001,43.430000,42.689999,42.720001,27.818851,413800
2014-12-11,42.910000,43.419998,42.770000,42.980000,27.988159,577500
2014-12-12,43.200001,43.200001,42.599998,42.619999,27.753731,590600
2014-12-15,42.860001,43.200001,42.380001,42.740002,27.831879,441300
2014-12-16,42.770000,43.139999,42.470001,42.540001,27.701633,744900
2014-12-17,42.490002,43.060001,42.310001,43.029999,28.020714,465600
2014-12-18,43.500000,43.660000,43.060001,43.520000,28.339804,499500
2014-12-19,43.450001,43.910000,43.320000,43.369999,28.242123,814200
2014-12-22,43.459999,43.919998,43.410000,43.660000,28.430971,587200
2014-12-23,43.750000,44.740002,43.630001,44.310001,28.854242,556900
2014-12-24,44.380001,44.880001,44.299999,44.410000,28.919355,180600
2014-12-26,44.439999,44.660000,44.250000,44.320000,28.860756,195500
2014-12-29,44.360001,44.439999,43.770000,43.970001,28.632841,472100
2014-12-30,43.810001,44.290001,43.759998,44.070000,28.697952,250200
2014-12-31,44.110001,44.230000,43.459999,43.520000,28.339804,416100
2015-01-02,43.520000,43.740002,42.770000,43.139999,28.092348,528400
2015-01-05,42.910000,43.130001,42.250000,42.459999,27.649540,404800
2015-01-06,42.419998,42.680000,42.070000,42.380001,27.597450,604900
2015-01-07,42.610001,43.150002,42.220001,43.070000,28.046768,486700
2015-01-08,42.540001,43.349998,42.470001,43.189999,28.124910,818800
2015-01-09,43.189999,43.369999,42.279999,42.369999,27.590939,510200
2015-01-12,42.380001,42.590000,41.889999,41.980000,27.336971,613800
2015-01-13,41.990002,42.950001,41.990002,42.330002,27.776621,623300
2015-01-14,42.040001,42.189999,41.430000,41.770000,27.409149,405000
2015-01-15,41.830002,41.910000,41.200001,41.599998,27.297598,414600
2015-01-16,41.470001,42.450001,41.439999,42.400002,27.822556,390800
2015-01-20,42.419998,42.660000,41.619999,42.009998,27.566637,519000
2015-01-21,41.880001,42.459999,41.689999,41.900002,27.494455,285400
2015-01-22,42.180000,42.930000,41.570000,42.930000,28.170330,357100
2015-01-23,42.900002,43.070000,42.450001,42.700001,28.019405,315700
2015-01-26,42.619999,42.950001,42.110001,42.950001,28.183455,516300
2015-01-27,42.680000,42.810001,41.930000,42.439999,27.848803,261000
2015-01-28,43.070000,43.770000,42.540001,42.630001,27.973476,506900
2015-01-29,42.799999,42.820000,41.759998,42.750000,28.052216,384700
2015-01-30,42.369999,42.820000,41.259998,41.400002,27.166365,633500
2015-02-02,41.599998,41.930000,40.759998,41.830002,27.448523,446900
2015-02-03,41.910000,42.820000,41.900002,42.750000,28.052216,381200
2015-02-04,42.669998,42.930000,41.759998,42.070000,27.606005,557900
2015-02-05,42.310001,42.310001,41.689999,41.799999,27.428833,453900
2015-02-06,41.830002,42.400002,41.770000,41.919998,27.507574,481200
2015-02-09,41.880001,42.209999,41.730000,41.939999,27.520695,338300
2015-02-10,42.040001,42.270000,41.689999,42.119999,27.638817,204500
2015-02-11,42.099998,42.750000,42.090000,42.660000,27.993160,409700
2015-02-12,42.930000,43.950001,42.860001,43.810001,28.747780,468300
2015-02-13,43.660000,44.480000,43.619999,44.470001,29.180872,355600
2015-02-17,44.459999,44.459999,43.970001,44.250000,29.036509,279900
2015-02-18,44.200001,44.849998,43.939999,44.799999,29.397411,367100
2015-02-19,45.000000,45.869999,44.570000,45.520000,29.869867,503500
2015-02-20,45.419998,45.950001,45.029999,45.939999,30.145473,317400
2015-02-23,45.900002,45.900002,45.169998,45.509998,29.863304,174700
2015-02-24,45.480000,45.480000,44.880001,45.410000,29.797689,215200
2015-02-25,45.360001,45.360001,44.860001,45.020000,29.541775,158100
2015-02-26,44.930000,45.209999,44.560001,45.119999,29.607391,304900
2015-02-27,44.930000,45.410000,44.840000,45.020000,29.541775,525800
2015-03-02,45.020000,45.840000,44.970001,45.799999,30.053602,326000
2015-03-03,45.630001,45.720001,44.959999,45.320000,29.738632,195300
2015-03-04,45.119999,45.459999,44.830002,45.099998,29.594271,327900
2015-03-05,45.080002,45.160000,44.650002,44.900002,29.463039,192300
2015-03-06,44.740002,44.759998,43.910000,44.130001,28.957764,255800
2015-03-09,44.110001,44.680000,43.959999,44.490002,29.193993,287200
2015-03-10,44.090000,44.119999,43.590000,43.790001,28.734659,266200
2015-03-11,43.970001,44.180000,43.560001,44.160000,28.977449,345800
2015-03-12,44.220001,44.689999,44.029999,44.619999,29.279297,295600
2015-03-13,44.450001,44.450001,43.360001,43.849998,28.774027,373100
2015-03-16,44.029999,44.580002,43.840000,44.150002,28.970886,533400
2015-03-17,43.990002,44.080002,43.759998,43.830002,28.760902,578900
2015-03-18,43.830002,44.150002,43.700001,43.919998,28.819963,777200
2015-03-19,44.029999,45.119999,43.650002,45.080002,29.581144,449800
2015-03-20,45.320000,46.369999,44.939999,46.259998,30.355450,719500
2015-03-23,46.150002,47.180000,46.009998,46.759998,30.683546,589900
2015-03-24,46.860001,46.860001,45.669998,45.730000,30.007668,622700
2015-03-25,45.599998,45.669998,41.139999,41.299999,27.100737,1157800
2015-03-26,41.000000,41.810001,40.849998,41.570000,27.277910,701400
2015-03-27,41.669998,42.169998,41.389999,41.990002,27.553514,575200
2015-03-30,42.080002,42.369999,42.029999,42.240002,27.717560,379800
2015-03-31,42.029999,42.119999,41.770000,41.959999,27.533827,373800
2015-04-01,41.869999,42.040001,41.340000,41.980000,27.546953,282200
2015-04-02,41.930000,42.230000,41.779999,42.160000,27.665062,323700
2015-04-06,41.849998,42.349998,41.650002,42.330002,27.776621,354900
2015-04-07,42.220001,42.880001,42.220001,42.430000,27.842236,413800
2015-04-08,42.310001,42.759998,42.189999,42.450001,27.855362,276000
2015-04-09,42.430000,42.730000,42.290001,42.689999,28.012842,294200
2015-04-10,42.849998,42.849998,42.459999,42.610001,27.960348,274000
2015-04-13,42.040001,42.330002,41.869999,41.950001,27.735552,210700
2015-04-14,41.860001,42.099998,41.450001,41.919998,27.715725,474400
2015-04-15,42.049999,42.349998,41.709999,41.849998,27.669439,415700
2015-04-16,41.750000,42.189999,41.750000,42.009998,27.775227,287800
2015-04-17,41.669998,41.759998,40.650002,40.930000,27.061174,275200
2015-04-20,41.169998,41.810001,41.169998,41.650002,27.537212,305500
2015-04-21,41.849998,41.959999,41.570000,41.750000,27.603325,255000
2015-04-22,41.740002,41.900002,41.380001,41.840000,27.662830,279300
2015-04-23,41.810001,42.250000,41.639999,42.060001,27.808285,281600
2015-04-24,42.009998,42.279999,41.439999,42.150002,27.867786,422500
2015-04-27,42.180000,42.320000,41.910000,42.099998,27.834728,290200
2015-04-28,42.009998,42.639999,41.740002,42.599998,28.165304,347400
2015-04-29,42.500000,42.500000,41.779999,42.020000,27.781837,341700
2015-04-30,41.880001,42.110001,41.389999,41.639999,27.530596,379800
2015-05-01,41.700001,41.900002,41.430000,41.889999,27.695885,198900
2015-05-04,41.849998,42.500000,41.770000,42.200001,27.900852,213000
2015-05-05,42.029999,42.380001,41.389999,41.459999,27.411587,238300
2015-05-06,41.470001,41.470001,40.970001,41.310001,27.312416,184900
2015-05-07,41.150002,42.310001,41.099998,42.189999,27.894234,372500
2015-05-08,42.599998,42.990002,42.349998,42.709999,28.238035,231200
2015-05-11,42.599998,42.980000,42.540001,42.880001,28.350424,437100
2015-05-12,42.560001,42.560001,38.360001,39.630001,26.201670,1554700
2015-05-13,40.180000,40.639999,39.669998,40.490002,26.770264,659800
2015-05-14,40.709999,41.020000,40.540001,40.990002,27.100843,355600
2015-05-15,41.090000,41.430000,40.610001,41.380001,27.358702,451800
2015-05-18,41.340000,42.419998,41.250000,42.310001,27.973572,434400
2015-05-19,42.270000,42.500000,42.119999,42.430000,28.052912,356400
2015-05-20,42.869999,43.090000,42.490002,42.770000,28.277712,413300
2015-05-21,42.660000,42.689999,42.310001,42.380001,28.019854,302800
2015-05-22,42.270000,42.540001,42.020000,42.230000,27.920681,285300
2015-05-26,42.070000,42.070000,41.470001,41.619999,27.517370,359000
2015-05-27,41.630001,42.529999,41.389999,42.529999,28.119026,359800
2015-05-28,42.410000,42.500000,42.000000,42.220001,27.914074,482700
2015-05-29,42.220001,42.540001,41.959999,42.500000,28.099197,625900
2015-06-01,42.750000,42.980000,42.529999,42.770000,28.277712,383700
2015-06-02,42.480000,42.980000,42.099998,42.669998,28.211586,232000
2015-06-03,42.810001,43.290001,42.590000,43.200001,28.562004,456400
2015-06-04,42.930000,43.279999,42.590000,42.709999,28.238035,402800
2015-06-05,42.349998,42.720001,42.099998,42.590000,28.158697,511900
2015-06-08,42.570000,42.570000,42.040001,42.259998,27.940510,393200
2015-06-09,42.180000,42.209999,41.689999,41.980000,27.755392,362200
2015-06-10,42.119999,42.669998,41.750000,42.540001,28.125637,352800
2015-06-11,42.549999,42.939999,42.540001,42.790001,28.290928,298400
2015-06-12,42.660000,42.660000,42.130001,42.330002,27.986795,350200
2015-06-15,41.930000,42.099998,41.580002,41.810001,27.642994,429500
2015-06-16,41.619999,42.360001,41.619999,42.180000,27.887625,277400
2015-06-17,42.299999,42.369999,41.869999,42.110001,27.841341,323400
2015-06-18,42.240002,42.630001,42.209999,42.490002,28.092581,396600
2015-06-19,42.549999,42.770000,42.180000,42.200001,27.900852,465400
2015-06-22,42.500000,42.849998,42.250000,42.450001,28.066137,206400
2015-06-23,42.349998,42.619999,41.930000,42.139999,27.861176,506700
2015-06-24,42.110001,42.200001,41.619999,41.680000,27.557045,412600
2015-06-25,41.680000,41.930000,41.540001,41.650002,27.537212,360700
2015-06-26,41.650002,41.750000,41.369999,41.500000,27.438036,605600
2015-06-29,41.029999,41.380001,40.400002,40.430000,26.730598,451000
2015-06-30,40.840000,41.000000,40.220001,40.369999,26.690931,477900
2015-07-01,40.720001,41.099998,40.529999,40.820000,26.988447,393000
2015-07-02,40.840000,41.090000,40.049999,40.410000,26.717377,561100
2015-07-06,40.000000,40.389999,39.939999,40.320000,26.657873,417300
2015-07-07,40.349998,40.450001,39.610001,40.389999,26.704151,414500
2015-07-08,39.930000,40.369999,39.240002,39.590000,26.175226,306100
2015-07-09,40.180000,40.200001,39.549999,39.560001,26.155390,266900
2015-07-10,40.110001,40.279999,39.790001,40.150002,26.545477,248800
2015-07-13,40.150002,40.439999,39.990002,40.150002,26.758743,159400
2015-07-14,40.110001,40.389999,39.970001,40.290001,26.852047,197200
2015-07-15,40.220001,40.549999,40.060001,40.330002,26.878710,197900
2015-07-16,40.570000,40.660000,39.990002,40.470001,26.972015,365000
2015-07-17,40.480000,40.500000,40.060001,40.250000,26.825388,307200
2015-07-20,40.230000,40.279999,40.099998,40.180000,26.778738,175100
2015-07-21,40.119999,40.439999,39.830002,40.259998,26.832052,336200
2015-07-22,40.000000,40.369999,39.869999,40.029999,26.678764,256100
2015-07-23,40.049999,40.189999,39.759998,39.919998,26.605455,277900
2015-07-24,39.900002,39.900002,38.520000,38.680000,25.779030,232500
2015-07-27,38.389999,38.389999,37.950001,38.049999,25.359159,183300
2015-07-28,38.189999,38.619999,37.790001,38.490002,25.652407,262800
2015-07-29,38.459999,44.750000,38.299999,40.400002,26.925362,1297900
2015-07-30,40.389999,40.590000,39.009998,40.490002,26.985340,694700
2015-07-31,40.500000,40.889999,40.070000,40.799999,27.191944,413300
2015-08-03,40.919998,41.200001,40.400002,41.000000,27.325247,329700
2015-08-04,40.919998,41.230000,40.349998,40.450001,26.958683,323400
2015-08-05,41.570000,44.580002,41.180000,44.009998,29.331306,954900
2015-08-06,44.009998,44.009998,42.689999,43.230000,28.811464,653800
2015-08-07,43.180000,44.540001,42.889999,44.450001,29.624565,522900
2015-08-10,44.700001,45.410000,44.369999,44.779999,29.844498,457400
2015-08-11,44.410000,45.099998,44.160000,44.639999,29.751184,424700
2015-08-12,44.259998,44.680000,43.410000,44.520000,29.671213,458000
2015-08-13,44.529999,44.709999,44.110001,44.340000,29.551249,312600
2015-08-14,44.259998,44.790001,44.150002,44.720001,29.804504,241100
2015-08-17,44.540001,45.029999,44.020000,45.029999,30.011116,269700
2015-08-18,44.900002,45.160000,44.660000,45.000000,29.991117,209400
2015-08-19,44.849998,45.400002,44.250000,44.869999,29.904474,306600
2015-08-20,44.279999,44.820000,43.849998,43.990002,29.317986,288500
2015-08-21,43.439999,43.810001,42.970001,42.970001,28.638186,303000
2015-08-24,40.299999,42.470001,40.290001,40.810001,27.198610,443200
2015-08-25,41.959999,42.080002,39.900002,39.930000,26.612122,426800
2015-08-26,40.919998,41.520000,39.990002,41.360001,27.565170,341000
2015-08-27,41.840000,42.090000,41.230000,42.060001,28.031702,270000
2015-08-28,41.730000,42.470001,41.509998,42.439999,28.284960,414700
2015-08-31,42.389999,42.459999,41.849998,42.080002,28.045033,260500
2015-09-01,41.139999,41.410000,40.130001,40.360001,26.898705,322800
2015-09-02,41.040001,41.310001,40.480000,41.310001,27.531851,367900
2015-09-03,41.310001,41.840000,41.189999,41.369999,27.571833,327000
2015-09-04,40.970001,41.130001,40.580002,40.730000,27.145298,305400
2015-09-08,41.380001,42.490002,41.209999,42.430000,28.278296,431400
2015-09-09,42.740002,42.919998,41.939999,41.990002,27.985039,361200
2015-09-10,41.900002,42.590000,41.509998,42.299999,28.191648,386100
2015-09-11,42.040001,42.639999,41.849998,42.610001,28.398260,239000
2015-09-14,42.540001,42.580002,41.930000,42.029999,28.011705,209100
2015-09-15,42.070000,42.459999,41.680000,42.410000,28.264965,338400
2015-09-16,42.410000,43.290001,42.279999,43.220001,28.804806,344300
2015-09-17,43.220001,43.860001,42.970001,43.360001,28.898111,531500
2015-09-18,42.869999,43.669998,42.639999,43.549999,29.024738,1059800
2015-09-21,43.619999,44.290001,43.520000,43.779999,29.178028,327600
2015-09-22,43.080002,43.360001,42.619999,42.740002,28.484901,340800
2015-09-23,42.669998,42.959999,42.240002,42.720001,28.471573,359400
2015-09-24,42.090000,42.220001,41.070000,41.779999,27.845085,1204700
2015-09-25,42.119999,42.730000,41.970001,42.189999,28.118338,305900
2015-09-28,41.990002,42.029999,41.090000,41.169998,27.438540,270900
2015-09-29,41.230000,41.320000,40.730000,41.180000,27.445206,400800
2015-09-30,41.680000,41.680000,40.889999,41.310001,27.531851,641700
2015-10-01,41.259998,41.560001,40.830002,41.419998,27.605154,394100
2015-10-02,40.810001,42.130001,40.650002,42.130001,28.078352,310200
2015-10-05,42.439999,43.599998,42.400002,43.419998,28.938097,627300
2015-10-06,43.410000,43.860001,43.060001,43.750000,29.158031,479100
2015-10-07,43.900002,44.930000,43.900002,44.799999,29.857828,386600
2015-10-08,44.630001,45.500000,44.590000,45.439999,30.284365,350300
2015-10-09,45.500000,45.799999,45.430000,45.740002,30.484306,205500
2015-10-12,45.630001,45.840000,45.450001,45.610001,30.397659,244600
2015-10-13,45.070000,45.570000,44.930000,44.930000,30.156042,289300
2015-10-14,44.990002,45.369999,44.310001,44.360001,29.773470,231700
2015-10-15,44.520000,44.639999,43.939999,44.590000,29.927841,215000
2015-10-16,44.689999,44.910000,44.389999,44.759998,30.041939,235500
2015-10-19,44.509998,44.990002,44.490002,44.689999,29.994955,328100
2015-10-20,44.570000,45.330002,44.380001,45.169998,30.317118,321700
2015-10-21,45.220001,45.610001,44.770000,44.810001,30.075502,157000
2015-10-22,45.169998,45.450001,44.959999,45.349998,30.437933,344500
2015-10-23,45.709999,46.480000,45.470001,46.419998,31.156105,337900
2015-10-26,46.259998,46.740002,46.110001,46.669998,31.323893,388300
2015-10-27,46.549999,46.980000,46.279999,46.980000,31.531956,455800
2015-10-28,47.000000,48.650002,46.700001,48.590000,32.612553,694200
2015-10-29,49.500000,52.380001,49.419998,52.220001,35.048935,1325800
2015-10-30,52.509998,53.750000,51.919998,52.570000,35.283848,1056800
2015-11-02,52.660000,54.730000,52.639999,54.439999,36.538952,696500
2015-11-03,54.599998,55.369999,54.169998,55.110001,36.988632,512800
2015-11-04,55.189999,56.000000,55.070000,55.599998,37.317516,639100
2015-11-05,55.580002,55.889999,54.869999,54.970001,36.894676,505300
2015-11-06,55.110001,55.820000,54.930000,55.130001,37.002064,677100
2015-11-09,54.980000,55.180000,54.529999,55.029999,36.934933,392900
2015-11-10,55.020000,55.799999,55.009998,55.709999,37.391338,498200
2015-11-11,55.759998,56.000000,55.320000,55.529999,37.270523,457200
2015-11-12,54.970001,54.970001,53.930000,53.959999,36.216782,420100
2015-11-13,53.849998,54.189999,52.970001,53.009998,35.579166,473800
2015-11-16,53.009998,54.529999,52.779999,54.500000,36.579220,398700
2015-11-17,54.660000,56.040001,54.250000,55.130001,37.002064,560400
2015-11-18,55.270000,55.860001,54.880001,55.740002,37.411480,347100
2015-11-19,55.580002,55.959999,55.500000,55.680000,37.371216,264800
2015-11-20,56.040001,56.880001,55.970001,56.650002,38.022255,336300
2015-11-23,56.520000,56.990002,56.500000,56.930000,38.210171,196800
2015-11-24,56.470001,57.900002,56.470001,57.580002,38.646446,377100
2015-11-25,57.759998,58.000000,57.459999,57.590000,38.653156,194700
2015-11-27,57.540001,57.880001,57.279999,57.430000,38.545765,143900
2015-11-30,57.490002,58.040001,57.250000,57.930000,38.881359,455600
2015-12-01,58.180000,59.049999,57.779999,59.009998,39.606228,401100
2015-12-02,59.009998,59.520000,58.270000,58.419998,39.210236,322800
2015-12-03,58.430000,58.540001,57.080002,57.369999,38.505497,384500
2015-12-04,57.389999,59.110001,57.389999,59.049999,39.633072,280400
2015-12-07,58.709999,58.950001,57.910000,58.119999,39.008873,330600
2015-12-08,57.380001,58.259998,57.130001,57.860001,38.834381,297800
2015-12-09,57.560001,57.869999,56.340000,56.470001,37.901440,339400
2015-12-10,56.570000,57.500000,56.060001,57.099998,38.324284,519100
2015-12-11,56.310001,56.610001,55.490002,55.680000,37.581833,447300
2015-12-14,55.529999,56.180000,54.450001,55.599998,37.527821,449000
2015-12-15,56.040001,57.310001,56.040001,57.049999,38.506523,454000
2015-12-16,57.630001,57.830002,56.779999,57.610001,38.884499,268600
2015-12-17,57.759998,58.540001,57.180000,57.180000,38.594273,236500
2015-12-18,57.320000,57.320000,55.790001,55.959999,37.770817,791800
2015-12-21,56.590000,56.590000,54.930000,55.410000,37.399586,423800
2015-12-22,55.799999,55.959999,55.150002,55.919998,37.743820,265500
2015-12-23,56.310001,57.299999,56.220001,57.110001,38.547020,205300
2015-12-24,57.020000,57.529999,56.880001,57.119999,38.553768,119100
2015-12-28,57.090000,57.369999,56.400002,57.270000,38.655014,203900
2015-12-29,57.540001,58.369999,57.480000,57.759998,38.985741,212200
2015-12-30,57.669998,58.099998,57.209999,57.240002,38.634758,337300
2015-12-31,57.130001,57.130001,56.090000,56.259998,37.973301,416700
2016-01-04,55.240002,55.389999,53.650002,54.130001,36.535633,486200
2016-01-05,54.130001,56.040001,54.130001,55.230000,37.278088,625400
2016-01-06,54.270000,54.919998,53.770000,54.279999,36.636879,696900
2016-01-07,53.340000,53.730000,52.680000,52.939999,35.732430,604300
2016-01-08,53.450001,53.910000,52.470001,52.570000,35.482697,858400
2016-01-11,52.790001,53.220001,52.060001,52.779999,35.624443,556600
2016-01-12,53.400002,55.430000,53.330002,55.389999,37.386086,711400
2016-01-13,55.619999,55.869999,53.599998,53.750000,36.279148,558400
2016-01-14,53.980000,56.380001,53.759998,55.820000,37.676319,636100
2016-01-15,54.459999,55.189999,53.790001,54.980000,37.109352,529800
2016-01-19,55.439999,59.450001,54.290001,56.189999,37.926044,1824100
2016-01-20,55.340000,55.450001,52.860001,54.680000,36.906860,762300
2016-01-21,55.000000,55.180000,53.660000,53.700001,36.245407,646700
2016-01-22,54.419998,55.099998,54.099998,54.959999,37.095852,560600
2016-01-25,54.630001,54.930000,53.509998,53.660000,36.218407,376600
2016-01-26,51.330002,51.689999,48.580002,48.830002,32.958347,2421000
2016-01-27,48.830002,49.450001,45.590000,46.180000,31.169693,2078500
2016-01-28,46.490002,46.490002,43.930000,45.590000,30.771473,2476600
2016-01-29,45.660000,46.630001,45.049999,46.119999,31.129204,1245200
2016-02-01,45.910000,46.590000,45.669998,45.669998,30.825464,832900
2016-02-02,45.090000,45.439999,44.139999,44.349998,29.934511,699200
2016-02-03,45.099998,45.349998,43.490002,44.099998,29.765778,936700
2016-02-04,43.970001,45.150002,43.720001,44.520000,30.049259,811500
2016-02-05,44.169998,44.630001,42.439999,42.490002,28.679089,548200
2016-02-08,41.840000,42.080002,40.650002,41.630001,28.098621,705200
2016-02-09,41.139999,42.200001,41.130001,41.599998,28.078373,1337800
2016-02-10,42.049999,42.439999,41.389999,41.480000,27.997377,687100
2016-02-11,40.900002,41.240002,40.150002,40.790001,27.531656,868700
2016-02-12,41.529999,42.000000,41.000000,41.930000,28.301109,861800
2016-02-16,42.189999,43.619999,42.020000,43.220001,29.171814,929300
2016-02-17,43.490002,44.619999,42.939999,44.259998,29.873772,1034700
2016-02-18,44.040001,45.549999,41.630001,42.220001,28.496855,1129900
2016-02-19,42.080002,42.119999,40.930000,41.889999,28.274111,1054100
2016-02-22,42.419998,43.150002,42.330002,42.820000,28.901823,611100
2016-02-23,42.689999,43.090000,42.029999,42.520000,28.699337,729200
2016-02-24,42.150002,42.580002,41.549999,42.540001,28.712837,462800
2016-02-25,42.770000,43.290001,42.200001,43.290001,29.219061,467200
2016-02-26,43.500000,43.950001,42.680000,42.900002,28.955826,462900
2016-02-29,42.820000,43.660000,42.709999,43.220001,29.171814,370600
2016-03-01,43.650002,44.380001,42.910000,44.380001,29.954767,501100
2016-03-02,44.380001,45.490002,44.169998,45.360001,30.616230,563200
2016-03-03,45.520000,45.799999,45.000000,45.759998,30.886213,412900
2016-03-04,45.840000,46.970001,45.799999,46.500000,31.385679,607000
2016-03-07,46.759998,47.439999,46.220001,46.849998,31.621925,456800
2016-03-08,46.709999,46.820000,45.619999,45.759998,30.886213,434400
2016-03-09,46.110001,46.110001,45.070000,45.540001,30.737717,380000
2016-03-10,46.110001,46.840000,46.070000,46.520000,31.399185,632300
2016-03-11,46.520000,47.889999,46.270000,47.590000,32.343868,633800
2016-03-14,47.340000,47.549999,46.500000,46.930000,31.895315,649700
2016-03-15,46.759998,46.930000,46.279999,46.730000,31.759390,650700
2016-03-16,47.070000,47.869999,46.389999,47.689999,32.411835,563600
2016-03-17,47.639999,48.540001,47.470001,48.369999,32.873985,437100
2016-03-18,48.270000,49.060001,48.099998,48.950001,33.268185,986200
2016-03-21,48.810001,49.330002,48.590000,49.250000,33.472073,674000
2016-03-22,48.830002,49.230000,48.610001,49.009998,33.308964,655000
2016-03-23,49.029999,49.290001,48.599998,48.959999,33.274971,537400
2016-03-24,48.799999,49.180000,48.430000,48.930000,33.254581,442400
2016-03-28,49.150002,49.500000,48.910000,49.290001,33.499252,302900
2016-03-29,49.119999,50.639999,49.119999,50.630001,34.409966,390500
2016-03-30,50.630001,50.630001,49.529999,49.939999,33.941017,574700
2016-03-31,49.939999,50.790001,49.860001,50.320000,34.199287,715300
2016-04-01,50.060001,51.570000,49.810001,51.389999,34.926487,696800
2016-04-04,51.430000,51.779999,50.889999,51.750000,35.171158,464400
2016-04-05,51.189999,51.709999,50.630001,51.119999,34.742989,828300
2016-04-06,51.130001,51.500000,50.669998,51.320000,34.878925,407900
2016-04-07,50.840000,51.259998,49.360001,50.770000,34.505116,736700
2016-04-08,51.070000,51.450001,50.490002,50.959999,34.634251,279200
2016-04-11,51.060001,51.320000,50.480000,50.700001,34.457546,275000
2016-04-12,50.669998,51.070000,50.189999,50.689999,34.450745,334700
2016-04-13,50.900002,52.150002,50.779999,52.049999,35.375053,495900
2016-04-14,51.919998,52.139999,51.139999,51.139999,34.756588,485900
2016-04-15,51.310001,52.040001,50.900002,51.919998,35.286697,444000
2016-04-18,51.490002,52.360001,51.490002,52.320000,35.558552,281700
2016-04-19,52.340000,52.470001,51.509998,51.630001,35.089600,347400
2016-04-20,51.630001,52.250000,51.320000,51.630001,35.089600,339200
2016-04-21,51.580002,52.000000,51.009998,51.080002,34.715809,220200
2016-04-22,50.959999,51.869999,50.959999,51.619999,35.082802,353800
2016-04-25,51.299999,52.119999,50.700001,51.320000,34.878925,350500
2016-04-26,51.619999,51.889999,51.130001,51.840000,35.232319,351400
2016-04-27,50.860001,51.310001,48.740002,50.639999,34.416767,730600
2016-04-28,50.980000,51.080002,49.709999,49.860001,33.886646,457400
2016-04-29,49.810001,49.889999,48.810001,49.610001,33.716740,393400
2016-05-02,49.759998,49.759998,48.930000,49.689999,33.771114,300000
2016-05-03,49.369999,49.500000,48.459999,49.209999,33.444885,323900
2016-05-04,49.060001,49.240002,48.480000,48.730000,33.118668,356300
2016-05-05,48.830002,48.970001,48.290001,48.880001,33.220608,332400
2016-05-06,48.529999,49.230000,48.500000,49.209999,33.444885,375500
2016-05-09,49.240002,49.299999,48.740002,49.090000,33.363331,418600
2016-05-10,49.310001,49.830002,49.160000,49.779999,33.832275,425400
2016-05-11,49.490002,49.860001,48.820000,48.840000,33.193417,197700
2016-05-12,48.990002,49.799999,48.900002,49.430000,33.594410,358300
2016-05-13,49.230000,49.580002,48.860001,48.930000,33.254581,239800
2016-05-16,49.009998,49.840000,48.950001,49.599998,33.709942,605000
2016-05-17,49.430000,49.430000,48.230000,48.509998,32.969135,320500
2016-05-18,48.240002,49.570000,48.070000,48.790001,33.159439,373500
2016-05-19,48.389999,48.919998,48.060001,48.529999,32.982727,406400
2016-05-20,48.810001,49.459999,48.349998,49.439999,33.601208,629100
2016-05-23,49.380001,49.389999,48.830002,48.889999,33.227398,160800
2016-05-24,49.189999,49.880001,48.820000,49.830002,33.866264,274900
2016-05-25,50.070000,50.070000,49.490002,49.490002,33.635181,387100
2016-05-26,49.490002,50.020000,49.130001,49.759998,33.818684,491700
2016-05-27,49.660000,49.980000,49.630001,49.959999,33.954613,315300
2016-05-31,50.020000,50.389999,49.110001,49.400002,33.574017,617900
2016-06-01,49.290001,49.830002,49.119999,49.750000,33.811890,452400
2016-06-02,49.709999,50.099998,49.459999,50.080002,34.036171,713900
2016-06-03,50.020000,50.049999,49.290001,49.400002,33.574017,438700
2016-06-06,49.660000,49.849998,49.419998,49.610001,33.716740,332000
2016-06-07,49.639999,49.930000,49.250000,49.299999,33.506046,500300
2016-06-08,49.400002,49.759998,49.220001,49.660000,33.750725,546200
2016-06-09,49.540001,49.779999,49.099998,49.369999,33.553627,394900
2016-06-10,48.779999,49.099998,48.240002,48.459999,32.935162,471000
2016-06-13,48.060001,48.599998,47.959999,48.000000,32.839371,451600
2016-06-14,48.000000,48.169998,47.720001,48.029999,32.859898,347300
2016-06-15,48.099998,48.099998,47.340000,47.349998,32.394680,443400
2016-06-16,47.000000,47.459999,46.709999,47.240002,32.319416,235200
2016-06-17,47.240002,47.240002,46.680000,46.849998,32.052601,554400
2016-06-20,47.520000,47.930000,47.430000,47.689999,32.627285,670300
2016-06-21,47.840000,48.250000,47.840000,47.900002,32.770966,670600
2016-06-22,47.889999,48.040001,47.360001,47.400002,32.428886,344500
2016-06-23,47.820000,48.110001,47.459999,47.680000,32.620441,361500
2016-06-24,46.000000,46.730000,45.790001,45.820000,31.347918,969900
2016-06-27,45.250000,46.000000,45.139999,45.709999,31.272663,963700
2016-06-28,46.200001,46.419998,45.790001,46.130001,31.560015,766200
2016-06-29,46.669998,46.950001,46.529999,46.799999,32.018391,573500
2016-06-30,46.950001,47.900002,46.950001,47.869999,32.750431,686300
2016-07-01,47.770000,48.889999,47.770000,48.689999,33.311440,678600
2016-07-05,48.389999,48.590000,47.900002,48.459999,33.154091,633300
2016-07-06,48.139999,49.009998,47.529999,48.990002,33.516693,649200
2016-07-07,48.759998,49.110001,48.500000,49.080002,33.578266,672600
2016-07-08,49.480000,50.619999,49.270000,50.590000,34.611336,824000
2016-07-11,50.380001,50.380001,46.540001,47.419998,32.442562,6447000
2016-07-12,47.070000,48.509998,47.070000,48.500000,33.181454,5256300
2016-07-13,48.990002,49.720001,48.740002,49.549999,33.899811,3919000
2016-07-14,50.049999,50.650002,49.700001,50.000000,34.207680,2721400
2016-07-15,50.040001,50.080002,48.860001,49.790001,34.064014,2045500
2016-07-18,49.779999,50.189999,48.860001,48.980000,33.509846,1755800
2016-07-19,49.740002,49.980000,48.139999,48.590000,33.243027,3208500
2016-07-20,49.000000,49.189999,48.590000,49.000000,33.523533,2168600
2016-07-21,49.020000,49.230000,48.209999,48.910000,33.461960,1821300
2016-07-22,49.070000,50.580002,48.779999,50.400002,34.481346,3367700
2016-07-25,50.610001,50.680000,50.029999,50.660000,34.659225,2336400
2016-07-26,50.689999,51.990002,50.680000,51.939999,35.534943,2249300
2016-07-27,52.619999,52.639999,52.009998,52.330002,35.801769,2275100
2016-07-28,51.810001,51.810001,49.779999,50.650002,34.652386,3845200
2016-07-29,50.480000,50.910000,49.180000,50.009998,34.214523,2560300
2016-08-01,50.279999,50.830002,49.880001,50.540001,34.577126,2493300
2016-08-02,50.660000,50.820000,47.939999,48.349998,33.078831,4323800
2016-08-03,48.959999,49.290001,47.869999,48.360001,33.085674,5842900
2016-08-04,48.349998,48.439999,47.279999,47.410000,32.435722,3214100
2016-08-05,47.849998,48.180000,47.090000,48.139999,32.935158,4350900
2016-08-08,48.520000,48.549999,47.580002,47.779999,32.688862,9095800
2016-08-09,47.740002,48.000000,47.029999,47.529999,32.517822,11691700
2016-08-10,47.529999,48.189999,47.220001,47.580002,32.552032,7114100
2016-08-11,47.590000,48.950001,47.580002,48.740002,33.345650,13485600
2016-08-12,48.799999,49.970001,48.540001,49.910000,34.146111,8827900
2016-08-15,50.720001,51.439999,50.200001,50.240002,34.371883,7445800
2016-08-16,49.930000,52.270000,49.720001,51.689999,35.363903,8002800
2016-08-17,38.200001,38.950001,37.790001,38.500000,35.782135,10455800
2016-08-18,38.220001,39.700001,38.180000,39.450001,36.665073,7973100
2016-08-19,39.250000,39.740002,38.750000,39.490002,36.702255,20905200
2016-08-22,39.400002,40.490002,39.259998,40.349998,37.501541,6575700
2016-08-23,40.250000,40.689999,39.880001,40.080002,37.250603,8249700
2016-08-24,39.380001,40.130001,39.310001,40.020000,37.194832,11213000
2016-08-25,40.130001,40.160000,39.540001,39.700001,36.897430,5994900
2016-08-26,39.740002,39.970001,39.410000,39.549999,36.758011,3612500
2016-08-29,39.599998,40.200001,39.529999,40.009998,37.185539,4896700
2016-08-30,40.099998,40.160000,39.509998,39.959999,37.139072,3211100
2016-08-31,39.830002,40.599998,39.730000,40.509998,37.650242,3550100
2016-09-01,40.500000,41.000000,40.389999,40.750000,37.873310,1839800
2016-09-02,40.419998,41.209999,40.419998,41.200001,38.291538,2627200
2016-09-06,41.259998,41.580002,40.910000,41.549999,38.616821,2940300
2016-09-07,41.700001,42.310001,41.700001,42.160000,39.183769,3134400
2016-09-08,42.070000,42.439999,42.000000,42.090000,39.118710,2842900
2016-09-09,41.849998,42.090000,41.480000,41.490002,38.561066,1289100
2016-09-12,41.310001,42.419998,41.180000,42.320000,39.332466,2639900
2016-09-13,42.020000,42.020000,41.259998,41.470001,38.542473,2444800
2016-09-14,41.470001,41.580002,41.110001,41.330002,38.412354,1620300
2016-09-15,41.570000,42.360001,41.419998,42.099998,39.127998,2324200
2016-09-16,41.770000,41.840000,41.220001,41.529999,38.893867,1863600
2016-09-19,41.880001,42.610001,41.709999,42.139999,39.465145,1342300
2016-09-20,42.290001,42.400002,41.880001,42.070000,39.399590,1416100
2016-09-21,42.049999,42.540001,41.919998,42.520000,39.821026,1587600
2016-09-22,42.810001,43.330002,42.540001,43.259998,40.514053,1309200
2016-09-23,42.930000,43.290001,42.849998,43.150002,40.411041,1189900
2016-09-26,43.200001,43.720001,43.020000,43.259998,40.514053,1828000
2016-09-27,43.540001,43.799999,43.180000,43.650002,40.879303,1594100
2016-09-28,43.860001,44.000000,43.480000,43.910000,41.122803,1824500
2016-09-29,43.770000,44.060001,43.389999,43.480000,40.720097,1788100
2016-09-30,43.630001,43.720001,42.880001,43.279999,40.532784,1879700
2016-10-03,42.990002,43.230000,42.650002,42.750000,40.036427,1654000
2016-10-04,42.660000,42.939999,42.230000,42.369999,39.680546,2325400
2016-10-05,42.459999,43.049999,42.029999,42.169998,39.493237,2881400
2016-10-06,41.959999,42.830002,41.619999,42.799999,40.083252,1565400
2016-10-07,42.869999,42.880001,41.880001,42.070000,39.399590,1569200
2016-10-10,42.070000,42.369999,41.900002,41.959999,39.296574,1064500
2016-10-11,41.840000,41.840000,41.110001,41.349998,38.725300,1075800
2016-10-12,41.459999,42.099998,41.259998,42.000000,39.334038,1148100
2016-10-13,41.689999,41.950001,41.419998,41.650002,39.006252,1043000
2016-10-14,41.750000,42.040001,41.630001,41.880001,39.221657,986800
2016-10-17,41.900002,42.000000,41.549999,41.560001,38.921967,1197700
2016-10-18,41.869999,42.090000,41.689999,41.700001,39.053078,1198700
2016-10-19,41.799999,41.950001,41.669998,41.750000,39.099895,761500
2016-10-20,41.630001,41.980000,41.549999,41.889999,39.231018,816900
2016-10-21,41.680000,42.049999,41.549999,41.930000,39.268478,1071700
2016-10-24,42.389999,42.389999,41.840000,42.320000,39.633720,684500
2016-10-25,42.169998,42.279999,41.639999,41.759998,39.109264,619600
2016-10-26,41.560001,41.910000,41.509998,41.689999,39.043709,916000
2016-10-27,41.939999,42.000000,40.959999,41.180000,38.566082,1314400
2016-10-28,41.180000,41.860001,41.180000,41.400002,38.772121,1498800
2016-10-31,41.389999,41.820000,41.270000,41.570000,38.931332,1128400
2016-11-01,41.700001,41.849998,41.299999,41.400002,38.772121,1583900
2016-11-02,41.209999,41.770000,41.160000,41.209999,38.594181,1026600
2016-11-03,42.650002,45.389999,42.279999,44.389999,41.572334,4214800
2016-11-04,44.360001,44.459999,43.570000,43.759998,40.982315,2051100
2016-11-07,44.439999,44.480000,43.709999,44.180000,41.375656,2071500
2016-11-08,44.060001,44.060001,43.459999,43.509998,40.748184,1314000
2016-11-09,43.689999,45.470001,43.549999,45.020000,42.162338,2266400
2016-11-10,45.139999,46.130001,44.910000,45.840000,42.930286,3794600
2016-11-11,45.790001,46.540001,45.560001,46.450001,43.501568,1838200
2016-11-14,46.599998,47.639999,46.580002,47.400002,44.391266,2074800
2016-11-15,47.570000,48.040001,46.930000,47.919998,44.878258,1719500
2016-11-16,47.889999,48.169998,47.650002,47.869999,44.831432,1357000
2016-11-17,47.880001,48.139999,47.500000,47.549999,44.531746,1337300
2016-11-18,47.630001,48.740002,47.299999,48.360001,45.290329,2065300
2016-11-21,49.029999,49.500000,48.880001,49.450001,46.311142,2184300
2016-11-22,49.480000,49.810001,49.290001,49.470001,46.329872,1590000
2016-11-23,49.430000,49.740002,49.340000,49.700001,46.545277,740700
2016-11-25,49.709999,50.080002,49.490002,49.980000,46.807503,346600
2016-11-28,49.950001,50.549999,49.910000,50.250000,47.060364,1473100
2016-11-29,50.389999,51.669998,50.189999,51.259998,48.006252,1669300
2016-11-30,51.639999,52.020000,51.070000,51.200001,47.950069,1859900
2016-12-01,51.459999,51.500000,51.099998,51.200001,47.950069,1395700
2016-12-02,51.029999,51.709999,51.029999,51.570000,48.296581,1034600
2016-12-05,51.689999,52.169998,51.689999,51.880001,48.586903,1207600
2016-12-06,52.230000,52.919998,51.680000,52.380001,49.055164,1561700
2016-12-07,52.470001,52.900002,51.990002,52.119999,48.811661,3129300
2016-12-08,52.299999,52.650002,52.110001,52.270000,48.952141,1835200
2016-12-09,52.299999,52.549999,51.950001,52.250000,48.933411,1439900
2016-12-12,51.990002,52.070000,49.910000,50.299999,47.107189,3313700
2016-12-13,50.060001,51.139999,50.060001,51.020000,48.087410,1741700
2016-12-14,50.750000,51.380001,50.480000,51.000000,48.068558,1452400
2016-12-15,50.930000,51.480000,50.779999,51.169998,48.228786,1909700
2016-12-16,51.500000,51.529999,50.970001,51.169998,48.228786,3188100
2016-12-19,51.029999,51.439999,51.029999,51.340000,48.389015,983300
2016-12-20,51.360001,51.930000,50.930000,51.459999,48.502117,868000
2016-12-21,51.509998,51.730000,51.070000,51.360001,48.407864,741100
2016-12-22,51.279999,51.349998,50.810001,51.080002,48.143963,623600
2016-12-23,51.200001,51.279999,50.720001,51.060001,48.125114,362100
2016-12-27,51.180000,51.410000,51.020000,51.250000,48.304195,351800
2016-12-28,51.259998,51.380001,50.750000,50.900002,47.974316,530600
2016-12-29,51.180000,51.560001,51.000000,51.389999,48.436142,693100
2016-12-30,51.369999,51.470001,50.669998,51.139999,48.200512,762700
2017-01-03,51.279999,51.299999,50.419998,50.950001,48.021435,1175000
2017-01-04,51.110001,51.619999,50.889999,51.349998,48.398441,1164700
2017-01-05,51.070000,51.330002,50.639999,50.770000,47.851788,984100
2017-01-06,50.880001,51.020000,50.330002,50.660000,47.748108,1074500
2017-01-09,50.599998,50.689999,49.900002,49.980000,47.107193,1060900
2017-01-10,49.939999,50.590000,49.919998,50.270000,47.380524,852700
2017-01-11,50.340000,50.529999,49.910000,50.099998,47.220295,737400
2017-01-12,50.080002,50.119999,49.389999,49.990002,47.116627,663300
2017-01-13,50.189999,50.209999,49.810001,49.959999,47.088341,1298700
2017-01-17,49.770000,49.799999,49.220001,49.419998,46.579376,663100
2017-01-18,49.439999,49.970001,49.220001,49.820000,46.956387,682600
2017-01-19,50.240002,50.490002,49.480000,49.689999,46.833858,649700
2017-01-20,49.740002,49.939999,49.540001,49.660000,46.805580,491900
2017-01-23,49.610001,49.770000,49.000000,49.279999,46.447422,488200
2017-01-24,49.299999,49.660000,49.139999,49.470001,46.626503,618300
2017-01-25,49.919998,50.000000,49.380001,49.650002,46.796165,681000
2017-01-26,49.619999,49.889999,49.330002,49.540001,46.692482,445000
2017-01-27,49.419998,49.560001,49.139999,49.549999,46.701908,535700
2017-01-30,49.360001,49.490002,48.220001,48.619999,45.825367,1174500
2017-01-31,48.529999,48.860001,48.090000,48.320000,45.542603,934100
2017-02-01,48.320000,48.770000,47.810001,48.310001,45.533184,1185600
2017-02-02,48.240002,49.310001,48.060001,49.090000,46.268345,1236700
2017-02-03,49.380001,49.900002,49.310001,49.689999,46.833858,682700
2017-02-06,49.590000,50.160000,49.549999,50.119999,47.239147,697600
2017-02-07,50.099998,50.470001,49.990002,50.470001,47.569027,788700
2017-02-08,50.369999,50.369999,48.869999,50.090000,47.210876,1239100
2017-02-09,49.840000,51.000000,49.650002,50.820000,47.898907,793200
2017-02-10,51.000000,51.250000,50.560001,50.840000,47.917755,670800
2017-02-13,50.970001,51.320000,50.779999,50.990002,48.059135,545700
2017-02-14,50.830002,51.160000,50.590000,51.060001,48.125114,609500
2017-02-15,50.910000,51.799999,50.889999,51.619999,48.652924,730900
2017-02-16,51.779999,52.060001,51.369999,52.009998,49.020504,836900
2017-02-17,51.639999,52.009998,51.500000,51.950001,48.963955,629300
2017-02-21,51.779999,52.680000,51.000000,52.660000,49.633148,698300
2017-02-22,52.610001,53.180000,52.380001,53.130001,50.076130,1093700
2017-02-23,53.189999,54.200001,52.080002,52.490002,49.472923,1855000
2017-02-24,52.540001,54.130001,52.220001,54.080002,50.971535,1299800
2017-02-27,54.000000,54.299999,53.650002,54.040001,50.933826,875800
2017-02-28,53.770000,54.130001,53.270000,53.299999,50.236359,1021200
2017-03-01,53.849998,54.750000,53.560001,54.689999,51.546463,1323300
2017-03-02,54.160000,54.950001,53.500000,53.540001,50.462566,1132700
2017-03-03,53.459999,53.950001,53.389999,53.689999,50.603943,772800
2017-03-06,53.240002,53.540001,53.099998,53.169998,50.113827,715700
2017-03-07,52.910000,53.310001,52.860001,53.020000,49.972454,853000
2017-03-08,52.970001,53.080002,52.580002,52.709999,49.680275,769300
2017-03-09,52.759998,53.189999,52.540001,52.930000,49.887630,624000
2017-03-10,53.139999,53.230000,52.410000,52.810001,49.774529,711300
2017-03-13,52.779999,53.990002,52.730000,53.950001,51.159000,838500
2017-03-14,53.919998,53.990002,53.400002,53.680000,50.902962,517600
2017-03-15,54.029999,54.970001,53.930000,54.869999,52.031391,958400
2017-03-16,54.860001,54.860001,53.610001,53.740002,50.959858,840500
2017-03-17,54.029999,54.299999,53.619999,53.950001,51.159000,1213200
2017-03-20,53.959999,54.090000,53.660000,53.880001,51.092613,542700
2017-03-21,53.840000,54.000000,52.520000,52.790001,50.059010,674800
2017-03-22,52.799999,52.900002,52.450001,52.869999,50.134853,710800
2017-03-23,52.720001,53.099998,52.540001,52.680000,49.954697,530100
2017-03-24,52.759998,52.930000,52.410000,52.619999,49.897797,662400
2017-03-27,52.099998,52.099998,51.060001,51.720001,49.044361,684600
2017-03-28,51.540001,51.950001,51.130001,51.700001,49.025387,795100
2017-03-29,51.820000,52.320000,51.610001,52.230000,49.527981,984200
2017-03-30,52.090000,52.119999,51.160000,51.320000,48.665051,822100
2017-03-31,51.209999,51.419998,50.980000,51.139999,48.494366,763000
2017-04-03,50.939999,51.200001,50.330002,50.549999,47.934887,772800
2017-04-04,50.470001,50.889999,50.259998,50.709999,48.086613,687800
2017-04-05,50.880001,51.299999,49.939999,49.950001,47.365929,822400
2017-04-06,50.020000,50.279999,49.840000,50.049999,47.460758,630100
2017-04-07,50.070000,50.880001,49.910000,50.630001,48.010754,931500
2017-04-10,50.700001,51.070000,50.419998,50.619999,48.001263,602500
2017-04-11,50.470001,51.020000,50.380001,51.000000,48.361603,705900
2017-04-12,50.959999,50.980000,50.430000,50.750000,48.124538,763300
2017-04-13,50.570000,50.919998,50.500000,50.639999,48.020229,686400
2017-04-17,50.689999,51.320000,50.540001,51.279999,48.627121,693600
2017-04-18,51.299999,51.520000,51.110001,51.360001,48.702980,556600
2017-04-19,51.430000,51.990002,51.430000,51.740002,49.063324,621600
2017-04-20,52.000000,52.740002,51.880001,52.599998,49.878830,575600
2017-04-21,52.590000,52.730000,52.049999,52.209999,49.509010,641900
2017-04-24,52.820000,52.950001,52.450001,52.930000,50.191761,676800
2017-04-25,53.320000,53.560001,53.060001,53.150002,50.400383,799900
2017-04-26,53.180000,53.560001,52.930000,53.400002,50.637447,1813800
2017-04-27,53.540001,54.169998,53.290001,53.349998,50.590027,803200
2017-04-28,53.279999,53.279999,52.610001,52.660000,49.935738,1206100
2017-05-01,52.779999,53.639999,52.580002,53.490002,50.722790,886300
2017-05-02,53.599998,53.720001,53.369999,53.560001,50.789173,538000
2017-05-03,53.299999,53.759998,52.889999,53.599998,50.827099,1262200
2017-05-04,53.000000,54.410000,51.849998,54.389999,51.576237,1711300
2017-05-05,54.750000,55.250000,53.880001,54.470001,51.652096,1170200
2017-05-08,54.400002,54.450001,53.110001,53.310001,50.552101,1577100
2017-05-09,53.380001,53.480000,52.349998,52.549999,49.831421,1292500
2017-05-10,52.500000,52.630001,52.099998,52.430000,49.717625,820100
2017-05-11,52.160000,52.950001,52.060001,52.700001,49.973663,1099000
2017-05-12,52.520000,52.970001,52.299999,52.669998,49.945213,782100
2017-05-15,52.799999,53.360001,52.750000,52.799999,50.068485,2041900
2017-05-16,53.040001,54.180000,53.009998,53.709999,50.931400,1879500
2017-05-17,53.709999,53.709999,52.070000,52.270000,49.565910,1219700
2017-05-18,51.970001,52.369999,51.480000,51.529999,48.864185,1058200
2017-05-19,51.790001,52.240002,51.500000,52.110001,49.414185,986700
2017-05-22,52.480000,53.520000,52.369999,53.369999,50.608994,1846900
2017-05-23,53.630001,54.779999,53.529999,54.669998,51.841743,1486200
2017-05-24,54.669998,54.939999,54.419998,54.900002,52.059849,834000
2017-05-25,55.000000,55.459999,55.000000,55.130001,52.277946,679300
2017-05-26,55.130001,55.200001,54.369999,54.880001,52.040878,793300
2017-05-30,54.700001,55.080002,54.320000,54.849998,52.012428,1003400
2017-05-31,55.200001,55.689999,54.389999,55.560001,52.685703,6187100
2017-06-01,55.610001,56.419998,55.220001,56.369999,53.453796,1057500
2017-06-02,56.290001,56.669998,55.840000,55.950001,53.055527,899200
2017-06-05,56.049999,56.169998,55.750000,55.880001,52.989147,779200
2017-06-06,55.849998,56.049999,55.790001,55.930000,53.036564,1397900
2017-06-07,55.980000,56.250000,55.580002,55.669998,52.790016,993200
2017-06-08,55.669998,55.970001,55.549999,55.730000,52.846905,1012000
2017-06-09,55.860001,55.990002,54.650002,55.369999,52.505531,1028800
2017-06-12,55.220001,55.740002,55.060001,55.619999,52.742599,1266200
2017-06-13,55.430000,55.730000,55.099998,55.689999,53.114563,1676000
2017-06-14,55.790001,56.180000,54.860001,55.139999,52.589996,905200
2017-06-15,54.730000,55.270000,54.680000,55.169998,52.618607,481600
2017-06-16,54.740002,54.900002,53.290001,53.980000,51.483650,1703600
2017-06-19,54.169998,54.259998,53.529999,53.930000,51.435955,727100
2017-06-20,54.020000,54.380001,53.220001,53.380001,50.911396,1980400
2017-06-21,53.660000,54.009998,53.320000,53.750000,51.264275,736000
2017-06-22,53.730000,53.939999,53.209999,53.610001,51.130756,477600
2017-06-23,53.459999,53.689999,53.169998,53.560001,51.083069,2310000
2017-06-26,53.660000,54.259998,53.660000,53.709999,51.226128,1045400
2017-06-27,53.700001,53.750000,52.110001,52.150002,49.738274,1051000
2017-06-28,52.340000,52.360001,51.570000,52.279999,49.862259,2149700
2017-06-29,52.349998,52.509998,51.209999,51.459999,49.080181,1200100
2017-06-30,51.639999,51.880001,51.430000,51.689999,49.299545,1258400
2017-07-03,52.110001,52.110001,51.770000,52.009998,49.604744,540100
2017-07-05,52.009998,52.400002,51.549999,52.360001,49.938564,1147800
2017-07-06,52.110001,52.450001,50.939999,51.189999,48.822666,1390600
2017-07-07,51.299999,52.099998,51.209999,52.070000,49.661972,514500
2017-07-10,52.110001,52.320000,51.930000,52.070000,49.661972,762000
2017-07-11,52.119999,52.340000,51.810001,52.220001,49.805042,1388500
2017-07-12,52.720001,53.410000,52.380001,53.090000,50.634804,957700
2017-07-13,53.150002,53.380001,52.490002,52.610001,50.177002,650100
2017-07-14,52.650002,53.330002,52.520000,53.240002,50.777870,725900
2017-07-17,53.240002,53.340000,52.740002,53.080002,50.625267,1560200
2017-07-18,53.000000,53.180000,52.459999,52.590000,50.157928,611300
2017-07-19,52.650002,53.459999,52.650002,53.389999,50.920929,620400
2017-07-20,53.400002,53.950001,53.320000,53.619999,51.140293,672500
2017-07-21,53.320000,53.810001,53.169998,53.439999,50.968613,565800
2017-07-24,53.459999,53.490002,53.049999,53.349998,50.882774,729700
2017-07-25,53.529999,54.169998,53.470001,53.889999,51.397808,1104200
2017-07-26,54.000000,54.270000,53.389999,53.480000,51.006775,759200
2017-07-27,53.650002,53.720001,53.119999,53.400002,50.930466,663500
2017-07-28,53.250000,53.959999,53.180000,53.599998,51.121223,556400
2017-07-31,53.500000,53.590000,52.959999,53.439999,50.968613,715100
2017-08-01,53.689999,53.910000,53.270000,53.320000,50.854168,784200
2017-08-02,53.310001,53.310001,52.040001,52.270000,49.852726,1397800
2017-08-03,53.470001,57.720001,52.900002,56.639999,54.020634,3108500
2017-08-04,56.970001,56.970001,56.150002,56.189999,53.591438,2902000
2017-08-07,56.000000,56.450001,55.580002,56.349998,53.744038,1096700
2017-08-08,56.330002,57.279999,56.189999,56.660000,54.039707,1157000
2017-08-09,56.520000,56.820000,56.099998,56.180000,53.581905,1159200
2017-08-10,57.090000,57.169998,56.049999,56.470001,53.858490,1235600
2017-08-11,56.279999,57.009998,56.200001,56.680000,54.058784,965300
2017-08-14,57.000000,57.759998,56.720001,57.369999,54.716862,2034700
2017-08-15,57.349998,57.669998,57.299999,57.299999,54.650112,977100
2017-08-16,57.389999,57.529999,57.080002,57.209999,54.564266,598900
2017-08-17,57.040001,57.200001,55.889999,55.939999,53.353001,1054600
2017-08-18,55.830002,55.900002,55.340000,55.340000,52.780758,878600
2017-08-21,55.320000,55.470001,55.049999,55.310001,52.752140,653000
2017-08-22,55.450001,55.930000,55.250000,55.910000,53.324387,612800
2017-08-23,55.849998,56.400002,55.520000,56.220001,53.620052,900300
2017-08-24,56.330002,56.389999,55.529999,55.549999,52.981037,488300
2017-08-25,55.869999,56.250000,55.750000,55.860001,53.276699,820800
2017-08-28,56.060001,56.200001,55.650002,55.900002,53.314857,436600
2017-08-29,55.580002,56.650002,55.580002,56.619999,54.001553,684000
2017-08-30,56.459999,57.509998,56.299999,57.340000,54.688259,578000
2017-08-31,57.639999,58.520000,57.470001,58.320000,55.622936,1103800
2017-09-01,58.560001,58.939999,58.340000,58.740002,56.023514,579700
2017-09-05,58.660000,58.889999,57.430000,57.799999,55.126984,933700
2017-09-06,57.919998,58.189999,57.220001,57.959999,55.279579,1735300
2017-09-07,57.970001,58.029999,57.560001,57.700001,55.031612,431700
2017-09-08,57.540001,57.639999,57.000000,57.110001,54.468899,702800
2017-09-11,57.650002,57.919998,57.290001,57.410000,54.755024,917200
2017-09-12,57.529999,57.820000,57.290001,57.680000,55.012539,510000
2017-09-13,57.520000,57.520000,57.119999,57.139999,54.497509,477500
2017-09-14,57.000000,57.209999,56.310001,56.330002,53.724972,1102000
2017-09-15,55.990002,56.549999,55.759998,56.400002,54.099052,1472800
2017-09-18,56.509998,57.459999,56.430000,57.330002,54.991116,947700
2017-09-19,57.400002,58.119999,57.349998,58.020000,55.652966,661900
2017-09-20,58.029999,58.439999,57.910000,58.169998,55.796841,1528300
2017-09-21,58.250000,58.459999,58.220001,58.270000,55.892765,597800
2017-09-22,58.090000,59.230000,57.930000,58.830002,56.429924,769000
2017-09-25,58.820000,58.959999,58.020000,58.580002,56.190113,643700
2017-09-26,58.799999,59.090000,58.660000,58.730000,56.333996,685200
2017-09-27,59.250000,59.650002,58.880001,59.430000,57.005440,612600
2017-09-28,59.049999,59.490002,58.689999,58.910000,56.506657,567000
2017-09-29,58.900002,59.400002,58.709999,59.220001,56.804008,599100
2017-10-02,59.200001,60.450001,59.200001,60.410000,57.945461,740500
2017-10-03,60.330002,60.720001,59.880001,59.919998,57.475449,550700
2017-10-04,60.139999,60.650002,59.930000,60.250000,57.791981,584800
2017-10-05,60.840000,61.950001,60.560001,61.529999,59.019768,1117300
2017-10-06,61.560001,61.770000,61.130001,61.750000,59.230793,499500
2017-10-09,61.810001,62.119999,61.549999,62.000000,59.470592,346600
2017-10-10,62.599998,62.660000,61.930000,62.150002,59.614475,509400
2017-10-11,62.299999,62.419998,61.860001,62.139999,59.604881,727500
2017-10-12,62.139999,62.630001,61.880001,62.320000,59.777534,599200
2017-10-13,62.680000,63.080002,62.619999,62.759998,60.199585,1066600
2017-10-16,62.630001,62.959999,62.060001,62.080002,59.547329,457700
2017-10-17,62.000000,62.599998,61.730000,61.820000,59.297939,463600
2017-10-18,61.980000,62.139999,61.400002,61.400002,58.895073,623900
2017-10-19,61.230000,61.549999,61.029999,61.520000,59.010178,495600
2017-10-20,61.810001,62.340000,61.630001,62.180000,59.643253,938900
2017-10-23,62.290001,62.500000,61.759998,61.779999,59.259567,479700
2017-10-24,61.779999,62.119999,61.209999,61.240002,58.741600,631300
2017-10-25,63.400002,63.680000,62.360001,62.740002,60.180408,1594800
2017-10-26,62.980000,63.000000,62.459999,62.470001,59.921421,534100
2017-10-27,62.480000,62.639999,61.720001,62.360001,59.815910,540800
2017-10-30,62.070000,62.650002,61.869999,61.939999,59.413036,416500
2017-10-31,61.930000,62.669998,61.930000,62.520000,59.969383,1071700
2017-11-01,62.840000,62.970001,62.369999,62.830002,60.266735,818600
2017-11-02,61.750000,64.120003,61.049999,62.820000,60.257137,1620000
2017-11-03,63.200001,64.199997,62.619999,63.660000,61.062866,897100
2017-11-06,63.770000,63.919998,62.799999,62.950001,60.381832,890300
2017-11-07,63.150002,63.320000,62.279999,62.580002,60.026932,856300
2017-11-08,62.680000,62.889999,61.779999,62.220001,59.681618,1023500
2017-11-09,61.919998,62.779999,61.529999,61.650002,59.134872,738200
2017-11-10,61.889999,61.980000,61.380001,61.869999,59.345894,865900
2017-11-13,61.520000,61.759998,61.349998,61.630001,59.115685,555700
2017-11-14,61.529999,61.660000,61.080002,61.380001,58.875885,519300
2017-11-15,61.000000,61.799999,60.439999,61.790001,59.269161,832800
2017-11-16,62.070000,62.459999,61.820000,61.840000,59.317123,948900
2017-11-17,61.639999,62.080002,61.040001,61.090000,58.597710,482300
2017-11-20,61.400002,61.650002,61.119999,61.639999,59.125282,479000
2017-11-21,61.709999,62.009998,61.349998,61.450001,58.943031,599300
2017-11-22,61.450001,61.669998,61.080002,61.099998,58.607304,384400
2017-11-24,61.340000,61.450001,60.860001,61.310001,58.808743,177600
2017-11-27,61.139999,62.169998,60.950001,61.560001,59.048542,1139200
2017-11-28,61.669998,62.869999,61.610001,62.790001,60.228367,630100
2017-11-29,62.639999,63.110001,62.299999,62.389999,59.844681,611900
2017-11-30,62.490002,63.720001,62.410000,63.570000,60.976540,791300
2017-12-01,63.330002,63.669998,61.759998,62.320000,59.777534,811900
2017-12-04,62.830002,63.540001,62.389999,63.459999,60.871021,990400
2017-12-05,63.459999,64.019997,63.049999,63.340000,60.755924,1161900
2017-12-06,63.110001,63.730000,62.549999,62.610001,60.055714,893500
2017-12-07,62.540001,63.310001,62.270000,63.180000,60.602451,1140200
2017-12-08,63.590000,64.239998,63.029999,64.129997,61.513695,747600
2017-12-11,63.990002,64.480003,63.910000,64.290001,61.667171,658800
2017-12-12,64.199997,64.550003,63.779999,64.139999,61.523293,384400
2017-12-13,64.110001,64.540001,63.779999,64.059998,61.446545,1134100
2017-12-14,64.160004,64.550003,63.540001,63.869999,61.264301,564700
2017-12-15,63.919998,64.849998,63.730000,64.599998,62.276531,1309800
2017-12-18,65.000000,65.260002,64.419998,65.190002,62.845325,778700
2017-12-19,65.019997,65.269997,64.400002,64.739998,62.411503,1121000
2017-12-20,65.349998,65.370003,64.730003,65.029999,62.691078,1509900
2017-12-21,65.430000,65.699997,65.040001,65.099998,62.758560,550100
2017-12-22,65.040001,65.320000,64.750000,65.220001,62.874233,467100
2017-12-26,65.209999,65.459999,64.690002,64.790001,62.459709,518200
2017-12-27,64.730003,64.949997,64.510002,64.639999,62.315102,709200
2017-12-28,64.730003,64.879997,64.220001,64.820000,62.488628,476000
2017-12-29,64.940002,65.089996,64.540001,64.570000,62.247616,506900
2018-01-02,64.690002,64.870003,63.869999,64.000000,61.698120,578100
2018-01-03,64.000000,64.279999,63.570000,63.919998,61.620991,839000
2018-01-04,64.150002,64.900002,64.099998,64.800003,62.469353,692700
2018-01-05,64.930000,65.230003,64.529999,64.730003,62.401871,535700
2018-01-08,65.019997,66.440002,64.650002,66.379997,63.992512,751800
2018-01-09,66.580002,66.660004,66.169998,66.239998,63.857552,537200
2018-01-10,66.050003,66.610001,65.919998,66.580002,64.185318,1397800
2018-01-11,66.669998,67.459999,66.389999,67.440002,65.014389,1004600
2018-01-12,67.449997,67.510002,66.900002,67.029999,64.619133,669400
2018-01-16,67.660004,67.680000,66.320000,66.440002,64.050362,862000
2018-01-17,66.849998,67.150002,66.349998,66.919998,64.513100,443000
2018-01-18,66.919998,67.000000,66.239998,66.330002,63.944317,1335400
2018-01-19,66.400002,67.160004,66.199997,67.139999,64.725189,547300
2018-01-22,67.029999,67.430000,66.639999,67.129997,64.715538,407300
2018-01-23,67.099998,67.209999,66.550003,66.940002,64.532387,622900
2018-01-24,67.059998,67.220001,65.809998,65.839996,63.471916,777000
2018-01-25,65.949997,66.180000,65.559998,65.919998,63.549053,702700
2018-01-26,66.099998,66.540001,65.410004,66.290001,63.905750,1314300
2018-01-29,66.320000,67.790001,66.250000,67.699997,65.265030,881800
2018-01-30,67.180000,67.550003,66.660004,66.680000,64.281731,685700
2018-01-31,66.989998,67.790001,66.470001,66.599998,64.204605,746200
2018-02-01,66.410004,68.250000,66.300003,67.949997,65.506042,718700
2018-02-02,67.389999,67.669998,66.220001,66.230003,63.847912,419100
2018-02-05,65.620003,65.820000,62.959999,63.130001,60.859406,1468700
2018-02-06,62.310001,62.860001,60.910000,61.970001,59.741131,1707300
2018-02-07,61.959999,64.550003,61.700001,64.300003,61.987328,1061800
2018-02-08,64.400002,64.820000,62.500000,62.560001,60.309914,1450000
2018-02-09,63.080002,63.299999,60.900002,62.619999,60.367756,844500
2018-02-12,63.180000,64.720001,63.169998,64.339996,62.025883,777800
2018-02-13,64.080002,64.669998,63.570000,64.620003,62.295826,386700
2018-02-14,64.379997,65.839996,64.360001,65.730003,63.365902,585100
2018-02-15,66.150002,66.199997,65.440002,66.080002,63.703308,796000
2018-02-16,66.000000,66.849998,65.760002,66.419998,64.031090,718000
2018-02-20,66.139999,66.949997,65.870003,66.230003,63.847912,1333000
2018-02-21,66.160004,66.209999,65.209999,65.209999,62.864597,1736800
2018-02-22,65.870003,66.290001,63.130001,65.750000,63.385178,1392800
2018-02-23,66.320000,66.889999,65.730003,65.830002,63.462299,845000
2018-02-26,66.220001,67.019997,65.639999,66.400002,64.011803,960400
2018-02-27,66.370003,66.559998,65.220001,65.220001,62.874233,1260800
2018-02-28,65.510002,65.589996,63.310001,63.310001,61.032936,1981700
2018-03-01,64.550003,65.279999,63.049999,63.759998,61.466743,1156200
2018-03-02,63.220001,65.110001,62.980000,65.000000,62.662151,670700
2018-03-05,64.790001,66.209999,64.629997,65.930000,63.558701,1024900
2018-03-06,66.239998,66.709999,65.440002,66.199997,63.818977,638000
2018-03-07,65.779999,66.720001,65.570000,66.639999,64.243164,939600
2018-03-08,66.980003,68.110001,66.870003,67.910004,65.467491,1563600
2018-03-09,68.339996,69.510002,68.309998,69.419998,66.923180,1253700
2018-03-12,69.779999,69.959999,68.690002,69.339996,66.846046,1101200
2018-03-13,69.779999,70.110001,69.059998,69.300003,66.807495,2388000
2018-03-14,69.349998,69.440002,68.370003,68.529999,66.371666,892900
2018-03-15,68.510002,68.820000,67.730003,68.019997,65.877724,639300
2018-03-16,68.059998,68.269997,67.300003,67.709999,65.577492,2622700
2018-03-19,67.589996,67.699997,66.309998,67.150002,65.035126,770200
2018-03-20,67.279999,67.849998,67.080002,67.580002,65.451599,628100
2018-03-21,67.599998,68.120003,67.300003,67.550003,65.422531,730600
2018-03-22,66.900002,67.199997,65.949997,65.980003,63.901981,595400
2018-03-23,65.730003,66.370003,64.959999,65.019997,62.972210,824500
2018-03-26,65.870003,66.160004,64.459999,65.629997,63.563000,913900
2018-03-27,66.019997,66.320000,64.120003,64.500000,62.468594,792100
2018-03-28,64.510002,65.029999,63.919998,64.260002,62.236149,1201300
2018-03-29,64.699997,65.830002,64.190002,65.400002,63.340244,1008200
2018-04-02,65.190002,65.529999,64.199997,64.879997,62.836617,788300
2018-04-03,65.150002,65.519997,64.720001,65.349998,63.291817,1022700
2018-04-04,64.379997,65.919998,64.230003,65.769997,63.698593,979100
2018-04-05,66.120003,66.849998,66.099998,66.480003,64.386246,809500
2018-04-06,65.849998,66.139999,64.589996,64.860001,62.817257,704200
2018-04-09,65.150002,65.650002,64.690002,64.779999,62.739773,1635400
2018-04-10,65.589996,66.029999,65.139999,65.830002,63.756706,608300
2018-04-11,65.510002,65.930000,64.900002,65.059998,63.010941,555900
2018-04-12,65.489998,66.010002,65.209999,65.690002,63.621128,366300
2018-04-13,65.790001,65.790001,64.919998,65.230003,63.175606,1115700
2018-04-16,65.559998,66.059998,65.360001,65.919998,63.843864,917800
2018-04-17,66.459999,66.949997,65.900002,66.830002,64.725212,827400
2018-04-18,66.919998,67.459999,66.440002,67.190002,65.073875,704600
2018-04-19,67.190002,67.190002,66.440002,66.779999,64.676773,821400
2018-04-20,66.660004,66.980003,65.919998,66.129997,64.047256,590300
2018-04-23,66.529999,66.860001,66.019997,66.239998,64.153793,623700
2018-04-24,67.010002,67.269997,64.959999,65.610001,63.543636,799700
2018-04-25,65.540001,65.580002,64.199997,65.519997,63.456474,687400
2018-04-26,65.739998,65.930000,65.349998,65.610001,63.543636,753000
2018-04-27,65.940002,66.040001,65.239998,65.779999,63.708279,544800
2018-04-30,65.919998,66.029999,64.230003,64.230003,62.207096,962500
2018-05-01,64.059998,64.360001,62.919998,63.480000,61.480721,1755300
2018-05-02,63.150002,63.900002,61.900002,62.040001,60.086071,1434300
2018-05-03,59.849998,60.470001,57.500000,60.270000,58.371819,2643100
2018-05-04,59.810001,60.450001,58.540001,60.130001,58.236229,1362500
2018-05-07,59.689999,61.099998,59.689999,60.830002,58.914181,1392400
2018-05-08,60.410000,62.029999,60.410000,61.529999,59.592129,2752100
2018-05-09,61.799999,62.709999,61.430000,62.529999,60.560638,1732100
2018-05-10,62.560001,63.230000,62.560001,63.080002,61.093315,1011300
2018-05-11,63.130001,63.779999,63.049999,63.270000,61.277325,979500
2018-05-14,63.529999,63.869999,62.270000,62.299999,60.337879,857500
2018-05-15,62.029999,62.220001,61.259998,61.529999,59.592129,686800
2018-05-16,61.799999,62.070000,61.299999,61.480000,59.543705,523600
2018-05-17,61.360001,61.590000,60.580002,60.759998,58.846375,698200
2018-05-18,60.880001,61.400002,60.849998,61.310001,59.379059,805600
2018-05-21,61.709999,61.860001,61.009998,61.400002,59.466228,615000
2018-05-22,61.320000,61.340000,59.770000,59.810001,57.926300,864100
2018-05-23,59.720001,60.650002,59.650002,60.599998,58.691422,695200
2018-05-24,60.709999,60.810001,60.279999,60.340000,58.439610,519100
2018-05-25,60.320000,60.389999,60.049999,60.259998,58.362129,652300
2018-05-29,59.959999,60.389999,59.349998,59.790001,57.906933,498700
2018-05-30,60.029999,60.869999,60.029999,60.590000,58.681740,697800
2018-05-31,60.630001,60.730000,60.009998,60.060001,58.168427,823300
2018-06-01,60.410000,60.930000,60.349998,60.840000,58.923862,579100
2018-06-04,61.119999,61.590000,60.910000,61.590000,59.650242,873900
2018-06-05,61.529999,62.099998,61.480000,61.910000,59.960167,1482700
2018-06-06,61.919998,62.270000,61.389999,61.939999,59.989216,647300
2018-06-07,62.009998,62.080002,60.830002,61.040001,59.117565,429500
2018-06-08,61.020000,61.330002,60.799999,61.290001,59.359692,834700
2018-06-11,61.400002,61.770000,61.189999,61.590000,59.650242,828700
2018-06-12,61.799999,62.230000,61.270000,61.880001,59.931110,1323100
2018-06-13,61.900002,62.139999,61.669998,61.759998,59.814884,795100
2018-06-14,61.380001,61.660000,60.730000,60.750000,59.143143,1127300
2018-06-15,60.610001,60.610001,59.709999,60.180000,58.588215,1730400
2018-06-18,58.689999,59.889999,57.619999,59.500000,57.926197,1974400
2018-06-19,59.099998,59.630001,58.930000,59.500000,57.926197,1333900
2018-06-20,59.490002,59.660000,58.189999,58.349998,56.806618,1158000
2018-06-21,58.220001,58.430000,57.619999,57.919998,56.387993,1625300
2018-06-22,57.990002,58.720001,57.810001,58.500000,56.952656,1138900
2018-06-25,58.529999,59.160000,58.070000,58.849998,57.293400,1269500
2018-06-26,59.000000,59.790001,58.959999,59.650002,58.072239,1600100
2018-06-27,59.840000,60.090000,58.540001,58.549999,57.001331,984300
2018-06-28,58.419998,58.820000,58.189999,58.650002,57.098682,1321500
2018-06-29,58.650002,59.590000,58.650002,59.000000,57.439426,1307900
2018-07-02,58.590000,59.480000,58.590000,59.380001,57.809380,1090200
2018-07-03,59.599998,59.830002,59.160000,59.220001,57.653614,453900
2018-07-05,59.459999,59.650002,58.869999,59.619999,58.043030,698200
2018-07-06,59.660000,60.490002,59.590000,60.180000,58.588215,1143800
2018-07-09,60.419998,61.400002,60.139999,61.340000,59.717533,686700
2018-07-10,61.340000,61.759998,61.090000,61.270000,59.649387,814400
2018-07-11,60.810001,61.689999,60.770000,61.439999,59.814884,671100
2018-07-12,61.509998,62.540001,61.500000,62.459999,60.807903,695100
2018-07-13,62.220001,62.570000,62.160000,62.430000,60.778706,428100
2018-07-16,62.570000,62.900002,62.299999,62.490002,60.837120,348500
2018-07-17,62.040001,63.810001,62.000000,63.580002,61.898285,1373500
2018-07-18,63.490002,63.790001,63.009998,63.509998,61.830132,754600
2018-07-19,63.299999,64.400002,63.299999,64.050003,62.355858,843300
2018-07-20,64.080002,64.599998,63.750000,64.339996,62.638180,520500
2018-07-23,64.250000,64.779999,63.610001,64.529999,62.823154,978400
2018-07-24,64.860001,64.989998,62.660000,63.220001,61.547810,1217900
2018-07-25,63.160000,63.919998,62.919998,63.750000,62.063786,1072500
2018-07-26,63.500000,69.290001,63.080002,68.209999,66.405815,2926100
2018-07-27,68.610001,68.660004,67.730003,68.470001,66.658943,1165800
2018-07-30,68.769997,69.000000,66.959999,67.570000,65.782753,1157600
2018-07-31,67.830002,68.599998,67.349998,68.419998,66.610268,1047500
2018-08-01,68.540001,68.669998,68.010002,68.620003,66.804977,966900
2018-08-02,67.940002,69.349998,67.720001,69.199997,67.369621,800300
2018-08-03,68.849998,69.690002,68.599998,69.589996,67.749321,672500
2018-08-06,69.610001,70.169998,69.199997,69.680000,67.836937,750100
2018-08-07,70.000000,70.000000,69.449997,69.779999,67.934296,676600
2018-08-08,69.949997,71.089996,69.470001,70.930000,69.053871,784900
2018-08-09,70.889999,71.180000,70.540001,70.639999,68.771545,955100
2018-08-10,70.339996,70.779999,70.010002,70.550003,68.683937,433400
2018-08-13,70.730003,71.129997,70.169998,70.279999,68.421059,790300
2018-08-14,70.500000,71.500000,70.480003,71.059998,69.180443,546800
2018-08-15,70.879997,71.050003,70.320000,70.620003,68.752075,561800
2018-08-16,71.089996,71.349998,70.709999,70.800003,68.927315,651700
2018-08-17,70.910004,71.820000,70.639999,71.720001,69.822990,892100
2018-08-20,71.790001,72.169998,71.389999,71.519997,69.628273,766400
2018-08-21,71.760002,72.300003,71.519997,71.989998,70.085831,770000
2018-08-22,71.650002,72.040001,71.269997,71.349998,69.462769,887300
2018-08-23,71.330002,71.330002,69.260002,69.529999,67.690895,2128500
2018-08-24,69.559998,70.419998,69.110001,70.199997,68.343185,1037800
2018-08-27,70.440002,71.000000,70.309998,70.889999,69.014931,558900
2018-08-28,71.099998,71.099998,70.290001,70.400002,68.537903,525600
2018-08-29,70.440002,71.470001,70.199997,71.129997,69.248581,564600
2018-08-30,70.919998,71.279999,70.720001,71.010002,69.131760,641600
2018-08-31,70.900002,71.309998,70.400002,70.769997,68.898102,967000
2018-09-04,70.800003,71.349998,70.290001,71.230003,69.345940,925100
2018-09-05,71.139999,71.199997,70.639999,70.730003,68.859184,877700
2018-09-06,70.639999,71.160004,70.260002,70.949997,69.073341,478900
2018-09-07,70.820000,70.820000,69.570000,69.830002,67.982979,963000
2018-09-10,70.279999,70.540001,69.480003,70.000000,68.148468,825500
2018-09-11,69.769997,70.680000,69.639999,70.209999,68.352928,818100
2018-09-12,70.150002,70.580002,69.910004,70.209999,68.352928,763800
2018-09-13,70.360001,70.989998,70.250000,70.879997,69.005196,849500
2018-09-14,70.690002,71.339996,70.570000,71.169998,69.601761,1216900
2018-09-17,71.239998,71.449997,70.400002,70.580002,69.024757,1219000
2018-09-18,70.519997,70.900002,70.019997,70.239998,68.692245,686900
2018-09-19,70.309998,70.389999,68.040001,68.440002,66.931915,834300
2018-09-20,68.650002,68.959999,67.739998,68.750000,67.235085,1558700
2018-09-21,68.940002,69.849998,68.779999,69.760002,68.222824,3340100
2018-09-24,69.489998,69.769997,67.830002,68.000000,66.501610,1264100
2018-09-25,68.419998,68.860001,67.930000,68.839996,67.323082,1194100
2018-09-26,68.919998,69.470001,67.849998,67.940002,66.442932,793100
2018-09-27,67.830002,68.660004,67.760002,68.430000,66.922134,856600
2018-09-28,68.339996,69.300003,68.190002,69.160004,67.636063,1153600
2018-10-01,69.540001,69.540001,67.709999,67.860001,66.364693,772400
2018-10-02,67.860001,68.629997,67.589996,68.529999,67.019928,563400
2018-10-03,68.570000,68.849998,67.650002,67.720001,66.227783,359700
2018-10-04,67.529999,67.779999,67.089996,67.699997,66.208206,476900
2018-10-05,67.769997,68.559998,67.250000,67.510002,66.022415,477700
2018-10-08,67.389999,67.500000,66.650002,67.190002,65.709457,347400
2018-10-09,66.879997,67.589996,66.730003,67.199997,65.719238,514400
2018-10-10,66.870003,67.330002,66.000000,66.029999,64.575012,1314100
2018-10-11,65.730003,66.080002,64.639999,64.750000,63.323223,994400
2018-10-12,65.900002,65.900002,63.959999,65.080002,63.645958,866100
2018-10-15,64.449997,66.290001,64.449997,65.889999,64.438103,688600
2018-10-16,66.379997,67.690002,65.779999,67.629997,66.139755,557400
2018-10-17,67.570000,67.900002,67.050003,67.699997,66.208206,1129000
2018-10-18,67.599998,67.949997,66.500000,66.709999,65.240028,1056900
2018-10-19,66.949997,68.099998,66.949997,67.570000,66.081085,765000
2018-10-22,67.620003,68.019997,66.849998,67.139999,65.660561,1223600
2018-10-23,66.199997,66.970001,65.040001,66.459999,64.995537,1050700
2018-10-24,66.300003,66.339996,62.610001,62.610001,61.230381,1592000
2018-10-25,62.470001,63.689999,59.610001,61.220001,59.871006,1876000
2018-10-26,60.220001,61.599998,59.419998,61.230000,59.880787,1420900
2018-10-29,61.980000,63.849998,61.250000,61.830002,60.467571,1903600
2018-10-30,61.860001,63.180000,61.709999,63.119999,61.729141,899700
2018-10-31,63.730000,65.339996,63.660000,64.779999,63.352562,1102600
2018-11-01,65.000000,65.230003,63.209999,63.360001,61.963856,1442300
2018-11-02,63.709999,63.990002,62.110001,62.400002,61.025009,1157700
2018-11-05,62.509998,63.049999,61.939999,62.570000,61.191261,985900
2018-11-06,62.750000,64.220001,62.220001,63.509998,62.110542,999900
2018-11-07,64.230003,65.730003,63.820000,65.650002,64.203392,900400
2018-11-08,65.480003,66.070000,65.180000,65.830002,64.379425,1000300
2018-11-09,65.610001,66.169998,65.169998,65.230003,63.792648,739300
2018-11-12,65.099998,65.779999,64.150002,64.379997,62.961376,1058900
2018-11-13,64.660004,64.919998,64.150002,64.459999,63.039612,817600
2018-11-14,64.889999,65.220001,63.209999,63.290001,61.895393,879700
2018-11-15,63.000000,64.589996,63.000000,64.349998,62.932034,982800
2018-11-16,64.010002,65.029999,63.919998,64.690002,63.264542,957800
2018-11-19,64.430000,64.500000,63.480000,63.910000,62.501732,1027200
2018-11-20,62.950001,63.660000,62.410000,62.439999,61.064129,1018900
2018-11-21,62.610001,63.759998,62.419998,63.040001,61.650902,667200
2018-11-23,62.520000,63.639999,62.439999,62.900002,61.513992,182800
2018-11-26,63.389999,63.970001,62.869999,63.799999,62.394154,1403200
2018-11-27,63.610001,63.750000,62.750000,62.750000,61.367294,938500
2018-11-28,63.119999,63.450001,62.389999,63.220001,61.826939,1211900
2018-11-29,62.970001,63.299999,62.020000,62.080002,60.712059,1210900
2018-11-30,62.090000,63.029999,62.020000,63.000000,61.611782,1831400
2018-12-03,63.830002,63.970001,62.130001,62.580002,61.201038,1138700
2018-12-04,62.450001,62.470001,58.790001,58.950001,57.651028,1450700
2018-12-06,58.270000,60.290001,57.680000,60.259998,58.932163,1267700
2018-12-07,59.950001,60.340000,58.560001,58.869999,57.572788,638100
2018-12-10,59.330002,60.060001,58.549999,59.480000,58.169346,694200
2018-12-11,60.240002,60.450001,58.130001,58.580002,57.289177,716900
2018-12-12,59.459999,60.270000,59.200001,59.480000,58.169346,935000
2018-12-13,59.660000,59.709999,58.290001,58.439999,57.152267,710700
2018-12-14,57.759998,57.980000,56.730000,57.049999,56.100082,1033200
2018-12-17,56.750000,57.250000,55.259998,55.509998,54.585720,1203300
2018-12-18,55.930000,56.150002,55.250000,55.450001,54.526726,1389900
2018-12-19,55.439999,55.990002,54.130001,54.490002,53.582706,860700
2018-12-20,54.279999,54.930000,53.119999,53.630001,52.737030,1182500
2018-12-21,53.570000,53.980000,50.849998,51.410000,50.553989,3625600
2018-12-24,50.869999,51.410000,50.380001,50.540001,49.698483,656700
2018-12-26,50.900002,52.439999,50.330002,52.389999,51.517673,762800
2018-12-27,51.689999,52.570000,50.970001,52.560001,51.684845,1510100
2018-12-28,52.650002,53.070000,51.849998,52.400002,51.527508,868200
2018-12-31,52.700001,52.970001,51.779999,52.720001,51.842182,776900
2019-01-02,51.970001,52.700001,51.290001,52.049999,51.183331,583900
2019-01-03,51.500000,51.779999,50.660000,51.330002,50.475327,1005800
2019-01-04,52.169998,53.880001,52.169998,53.380001,52.491192,1456100
2019-01-07,53.520000,53.790001,52.950001,53.500000,52.609192,1376800
2019-01-08,54.040001,54.369999,53.299999,53.910000,53.012363,577600
2019-01-09,54.240002,54.950001,53.400002,54.570000,53.661373,935800
2019-01-10,54.400002,54.919998,54.080002,54.910000,53.995708,406400
2019-01-11,54.580002,55.540001,54.299999,55.419998,54.497223,510000
2019-01-14,54.990002,55.750000,54.779999,55.330002,54.408726,820200
2019-01-15,55.330002,55.660000,55.070000,55.389999,54.467716,453000
2019-01-16,55.599998,56.200001,55.099998,55.279999,54.359550,613500
2019-01-17,55.270000,56.599998,54.990002,56.080002,55.146236,739600
2019-01-18,56.689999,57.279999,56.310001,56.880001,55.932911,1011200
2019-01-22,56.509998,56.799999,55.720001,56.119999,55.185566,546100
2019-01-23,56.410000,56.650002,55.610001,56.150002,55.215073,547900
2019-01-24,56.250000,56.779999,56.080002,56.369999,55.431404,405500
2019-01-25,56.630001,57.430000,56.520000,57.049999,56.100082,497200
2019-01-28,56.650002,57.419998,56.619999,57.090000,56.139416,406300
2019-01-29,57.169998,57.770000,57.150002,57.509998,56.552422,599800
2019-01-30,57.849998,58.689999,57.330002,58.189999,57.221104,604900
2019-01-31,58.029999,58.529999,57.750000,58.000000,57.034260,1161800
2019-02-01,58.200001,59.279999,57.869999,59.139999,58.155281,972200
2019-02-04,59.160000,60.730000,59.160000,60.720001,59.708977,1165100
2019-02-05,60.759998,61.389999,60.650002,61.279999,60.259651,872800
2019-02-06,61.150002,61.759998,60.889999,61.459999,60.436649,1316000
2019-02-07,61.209999,62.840000,60.869999,62.720001,61.675671,1020400
2019-02-08,62.180000,63.029999,61.779999,62.080002,61.046329,1077500
2019-02-11,62.270000,62.450001,61.779999,61.939999,60.908657,1179700
2019-02-12,62.299999,62.299999,61.750000,62.020000,60.987328,1073300
2019-02-13,62.279999,62.610001,62.009998,62.220001,61.184002,1230500
2019-02-14,62.220001,62.630001,61.700001,62.330002,61.292168,844800
2019-02-15,62.750000,63.639999,62.599998,63.369999,62.314850,1653600
2019-02-19,61.900002,62.810001,59.730000,62.310001,61.272503,2484200
2019-02-20,62.099998,62.279999,60.700001,61.680000,60.652988,1579200
2019-02-21,61.820000,63.680000,61.680000,62.950001,61.901840,1962500
2019-02-22,63.410000,64.599998,62.889999,64.489998,63.416199,1255100
2019-02-25,64.900002,65.199997,64.550003,64.660004,63.583370,1009800
2019-02-26,64.650002,64.860001,63.529999,63.549999,62.491852,896800
2019-02-27,63.509998,64.180000,63.240002,63.919998,62.855690,970400
2019-02-28,63.930000,64.709999,63.799999,64.589996,63.514530,1076000
2019-03-01,64.930000,65.239998,64.230003,64.980003,63.898048,1047900
2019-03-04,65.000000,65.269997,63.549999,64.099998,63.032692,1192200
2019-03-05,63.980000,64.180000,63.419998,63.580002,62.521355,857600
2019-03-06,63.459999,63.599998,62.910000,63.029999,61.980507,1088500
2019-03-07,62.799999,62.880001,61.830002,62.430000,61.390503,966800
2019-03-08,61.840000,62.500000,61.740002,62.439999,61.400337,922900
2019-03-11,62.630001,63.349998,62.540001,63.180000,62.128010,717400
2019-03-12,63.180000,63.450001,62.950001,63.029999,61.980507,488100
2019-03-13,63.560001,63.570000,62.779999,63.349998,62.295181,1149400
2019-03-14,63.150002,63.330002,62.700001,62.740002,62.008568,653100
2019-03-15,62.750000,63.189999,62.630001,62.830002,62.097515,1465500
2019-03-18,63.029999,63.580002,62.880001,63.490002,62.749817,833800
2019-03-19,63.660000,63.799999,63.180000,63.299999,62.562035,454900
2019-03-20,63.220001,63.770000,62.750000,63.259998,62.522499,753500
2019-03-21,62.770000,64.089996,62.680000,63.750000,63.006786,418600
2019-03-22,63.500000,63.709999,62.139999,62.990002,62.255650,1012200
2019-03-25,62.730000,63.169998,62.340000,62.630001,61.899845,714000
2019-03-26,62.720001,63.669998,62.650002,63.369999,62.631218,848800
2019-03-27,63.450001,63.860001,62.880001,63.270000,62.532383,1564800
2019-03-28,63.490002,63.880001,63.180000,63.730000,62.987022,415200
2019-03-29,64.050003,64.470001,63.779999,64.089996,63.342823,779800
2019-04-01,64.500000,64.959999,64.160004,64.889999,64.133499,929100
2019-04-02,64.849998,64.959999,63.590000,63.639999,62.898071,993800
2019-04-03,64.080002,64.330002,63.470001,63.680000,62.937607,1106000
2019-04-04,63.810001,64.209999,63.630001,63.980000,63.234112,789500
2019-04-05,64.239998,64.709999,63.980000,64.599998,63.846878,740400
2019-04-08,64.379997,64.839996,63.869999,64.800003,64.044548,477300
2019-04-09,64.510002,64.779999,63.759998,64.000000,63.253876,551100
2019-04-10,64.000000,64.760002,63.630001,64.620003,63.866650,675400
2019-04-11,64.839996,65.480003,64.669998,65.250000,64.489304,658900
2019-04-12,65.389999,65.500000,64.830002,65.339996,64.578255,791700
2019-04-15,65.339996,65.550003,64.739998,64.959999,64.202675,641400
2019-04-16,65.099998,65.239998,64.690002,65.129997,64.370689,413000
2019-04-17,65.209999,65.419998,64.760002,65.099998,64.341049,883600
2019-04-18,65.320000,65.639999,64.870003,65.250000,64.489304,1267500
2019-04-22,65.000000,65.629997,64.849998,65.400002,64.637550,879600
2019-04-23,65.639999,67.199997,65.489998,66.510002,65.734619,815500
2019-04-24,66.599998,66.959999,66.489998,66.529999,65.754372,565400
2019-04-25,66.690002,66.940002,66.160004,66.389999,65.616013,904500
2019-04-26,66.410004,66.779999,66.389999,66.550003,65.774147,718000
2019-04-29,66.839996,67.250000,66.599998,66.870003,66.090416,1537000
2019-04-30,67.650002,73.690002,67.599998,73.480003,72.623360,3289300
2019-05-01,74.110001,74.360001,72.849998,72.849998,72.000702,1378700
2019-05-02,72.669998,73.639999,72.290001,73.139999,72.287315,1365500
2019-05-03,73.139999,74.629997,72.839996,74.449997,73.582047,903900
2019-05-06,73.209999,74.309998,73.070000,74.110001,73.246017,1532000
2019-05-07,73.610001,74.190002,73.150002,73.529999,72.672768,1473400
2019-05-08,73.440002,74.550003,73.190002,74.169998,73.305305,1113400
2019-05-09,73.669998,75.139999,73.419998,75.019997,74.145401,984100
2019-05-10,74.620003,75.800003,74.250000,75.480003,74.600037,638700
2019-05-13,74.209999,74.519997,73.320000,73.769997,72.909973,773700
2019-05-14,73.900002,74.800003,73.050003,74.300003,73.433792,925400
2019-05-15,74.349998,75.470001,74.059998,75.050003,74.175049,992300
2019-05-16,75.529999,76.339996,75.070000,76.290001,75.400589,942300
2019-05-17,75.709999,76.750000,75.599998,75.989998,75.104088,739600
2019-05-20,75.440002,76.419998,75.120003,75.269997,74.392487,1009700
2019-05-21,75.839996,76.790001,75.580002,76.730003,75.835464,1271600
2019-05-22,76.209999,77.349998,76.010002,76.970001,76.072670,1342200
2019-05-23,76.449997,76.589996,75.660004,76.129997,75.242455,1290000
2019-05-24,76.739998,76.870003,76.199997,76.269997,75.380829,893400
2019-05-28,76.080002,76.820000,74.790001,74.980003,74.105873,1552500
2019-05-29,74.849998,75.300003,74.260002,74.800003,73.927971,1798500
2019-05-30,74.930000,75.230003,74.250000,74.830002,73.957619,1571100
2019-05-31,74.139999,75.500000,73.949997,75.330002,74.451790,1403600
2019-06-03,75.330002,76.279999,75.000000,75.919998,75.034904,1721700
2019-06-04,76.580002,78.089996,76.290001,78.000000,77.090660,1873800
2019-06-05,78.470001,78.959999,77.820000,78.120003,77.209259,1057100
2019-06-06,77.919998,78.800003,77.760002,78.699997,77.782494,1114700
2019-06-07,79.000000,79.669998,78.720001,79.419998,78.494110,772100
2019-06-10,79.800003,80.000000,78.980003,79.169998,78.247025,1232800
2019-06-11,79.540001,79.739998,78.199997,78.330002,77.416809,1234900
2019-06-12,78.400002,79.250000,78.040001,79.250000,78.326088,861200
2019-06-13,79.349998,79.440002,77.860001,78.419998,77.819992,887300
2019-06-14,78.239998,79.019997,77.779999,78.839996,78.236771,1068600
2019-06-17,78.800003,79.290001,77.980003,78.250000,77.651291,1304200
2019-06-18,78.550003,79.309998,78.199997,78.629997,78.028381,1134500
2019-06-19,78.589996,78.870003,78.000000,78.629997,78.028381,1316500
2019-06-20,79.290001,79.739998,78.820000,79.660004,79.050507,980800
2019-06-21,79.129997,79.660004,78.470001,78.919998,78.316162,1802100
2019-06-24,78.980003,79.570000,78.730003,78.959999,78.355858,1159700
2019-06-25,79.239998,79.510002,78.910004,79.129997,78.524559,1065300
2019-06-26,79.370003,79.529999,78.349998,78.510002,77.909309,1192300
2019-06-27,78.809998,79.699997,78.730003,79.389999,78.782562,810600
2019-06-28,79.550003,80.129997,79.269997,79.849998,79.239052,1897300
2019-07-01,80.629997,80.860001,79.459999,80.169998,79.556595,968800
2019-07-02,80.099998,80.400002,79.730003,80.139999,79.526825,587100
2019-07-03,80.440002,81.480003,80.160004,81.400002,80.777191,428200
2019-07-05,81.019997,82.019997,80.570000,82.019997,81.392441,598000
2019-07-08,81.830002,81.830002,81.040001,81.410004,80.787109,542000
2019-07-09,80.379997,81.650002,80.059998,81.519997,80.896271,808900
2019-07-10,81.959999,82.500000,81.059998,81.500000,80.876419,849300
2019-07-11,81.639999,82.000000,80.940002,81.940002,81.313057,756700
2019-07-12,82.129997,82.459999,81.519997,82.430000,81.799309,686700
2019-07-15,82.750000,82.750000,82.050003,82.339996,81.709991,438200
2019-07-16,82.230003,82.660004,81.750000,82.040001,81.412292,634600
2019-07-17,82.110001,82.320000,80.730003,80.769997,80.152008,615400
2019-07-18,80.669998,81.260002,80.160004,80.959999,80.340553,798200
2019-07-19,81.360001,81.570000,79.550003,79.589996,78.981033,959700
2019-07-22,79.849998,80.199997,79.510002,79.580002,78.971115,737100
2019-07-23,80.120003,80.860001,79.580002,80.830002,80.211555,690600
2019-07-24,80.650002,81.820000,80.540001,81.599998,80.975655,752100
2019-07-25,81.709999,81.709999,81.059998,81.150002,80.529099,940100
2019-07-26,81.239998,82.489998,81.239998,82.430000,81.799309,951700
2019-07-29,82.570000,84.320000,82.230003,83.320000,82.682495,1157800
2019-07-30,80.660004,84.970001,80.000000,84.379997,83.734383,1467500
2019-07-31,84.389999,84.760002,81.160004,82.099998,81.471832,1715900
2019-08-01,82.480003,85.470001,82.400002,83.410004,82.771812,1446000
2019-08-02,81.599998,82.269997,80.040001,81.860001,81.233665,3131000
2019-08-05,80.620003,81.019997,78.339996,78.980003,78.375710,2005800
2019-08-06,79.489998,80.260002,78.480003,80.040001,79.427597,1938100
2019-08-07,79.500000,81.180000,78.559998,80.570000,79.953537,2046600
2019-08-08,81.279999,84.050003,81.199997,83.900002,83.258057,34119300
2019-08-09,83.059998,83.699997,82.029999,83.059998,82.424484,1565500
2019-08-12,83.199997,84.400002,82.589996,83.050003,82.414566,1438600
2019-08-13,82.839996,84.500000,82.739998,84.269997,83.625229,1737000
2019-08-14,83.419998,84.050003,82.330002,82.820000,82.186317,1726000
2019-08-15,83.000000,83.449997,82.410004,82.910004,82.275635,1013500
2019-08-16,83.559998,84.139999,83.489998,83.820000,83.178673,1361300
2019-08-19,85.000000,85.620003,82.410004,85.080002,84.429031,1507800
2019-08-20,85.129997,85.559998,84.400002,84.470001,83.823700,1339200
2019-08-21,85.470001,85.540001,84.879997,85.540001,84.885513,815600
2019-08-22,85.860001,85.860001,84.610001,85.559998,84.905357,1094400
2019-08-23,85.169998,85.849998,83.070000,83.410004,82.771812,1340400
2019-08-26,83.839996,84.330002,83.220001,84.300003,83.655006,1498400
2019-08-27,84.870003,85.160004,84.139999,85.029999,84.379410,1310100
2019-08-28,84.570000,85.930000,84.139999,85.720001,85.064133,1241400
2019-08-29,86.309998,87.529999,86.309998,87.199997,86.532806,1000700
2019-08-30,87.830002,88.290001,86.889999,87.360001,86.691589,1119900
2019-09-03,86.809998,87.230003,85.989998,86.349998,85.689308,1553000
2019-09-04,87.120003,87.860001,87.019997,87.620003,86.949600,687200
2019-09-05,88.580002,88.980003,88.029999,88.820000,88.140411,775500
2019-09-06,88.989998,89.000000,87.459999,87.620003,86.949600,962300
2019-09-09,87.779999,88.029999,84.160004,84.919998,84.270256,1695800
2019-09-10,84.629997,84.629997,83.300003,83.989998,83.347366,1719100
2019-09-11,83.900002,85.239998,83.330002,85.239998,84.587807,1283300
2019-09-12,85.889999,87.050003,85.589996,86.349998,85.689308,1120500
2019-09-13,86.269997,86.790001,85.629997,85.820000,85.500023,1021100
2019-09-16,85.529999,86.639999,85.320000,86.300003,85.978241,844000
2019-09-17,86.470001,87.010002,86.050003,86.699997,86.376740,1001000
2019-09-18,86.570000,87.650002,86.400002,87.599998,87.273384,723500
2019-09-19,87.800003,88.250000,87.190002,87.370003,87.044250,937300
2019-09-20,87.739998,88.120003,86.239998,86.330002,86.008125,3708700
2019-09-23,85.980003,86.290001,85.000000,85.690002,85.370514,1122000
2019-09-24,86.309998,86.959999,85.330002,86.010002,85.689316,1126300
2019-09-25,86.169998,87.199997,85.459999,87.040001,86.715477,1047900
2019-09-26,87.110001,87.440002,86.230003,87.129997,86.805138,758100
2019-09-27,87.519997,87.519997,84.330002,85.019997,84.703003,874500
2019-09-30,85.019997,86.320000,84.980003,85.879997,85.559799,848500
2019-10-01,86.120003,86.360001,84.500000,84.779999,84.463898,680200
2019-10-02,84.000000,84.080002,82.110001,82.959999,82.650688,971600
2019-10-03,83.019997,83.449997,82.120003,83.000000,82.690536,690800
2019-10-04,83.449997,83.820000,82.750000,83.629997,83.318184,2912900
2019-10-07,83.629997,84.480003,83.470001,83.800003,83.487556,1039800
2019-10-08,83.139999,83.139999,81.830002,81.839996,81.534859,1110700
2019-10-09,82.459999,82.849998,81.720001,82.699997,82.391655,1007900
2019-10-10,82.769997,83.680000,82.750000,83.050003,82.740356,1384600
2019-10-11,83.709999,84.279999,83.120003,83.160004,82.849945,1066200
2019-10-14,83.470001,83.629997,82.269997,82.459999,82.152550,710500
2019-10-15,82.599998,83.559998,82.209999,82.230003,81.923416,1301400
2019-10-16,81.760002,82.290001,81.080002,81.339996,81.036728,1298100
2019-10-17,81.639999,81.900002,80.900002,81.709999,81.405350,1206100
2019-10-18,81.529999,81.800003,80.910004,81.620003,81.315689,1254600
2019-10-21,81.750000,81.750000,80.599998,80.839996,80.538589,1238600
2019-10-22,80.879997,81.110001,79.080002,79.290001,78.994370,1008700
2019-10-23,79.099998,80.139999,78.989998,79.239998,78.944557,803300
2019-10-24,79.419998,80.080002,78.800003,80.040001,79.741577,716300
2019-10-25,79.779999,80.309998,79.349998,79.980003,79.681801,769900
2019-10-28,80.419998,81.019997,80.220001,80.809998,80.508705,1148600
2019-10-29,83.599998,86.750000,82.709999,86.389999,86.067902,3096400
2019-10-30,86.910004,87.320000,86.309998,86.690002,86.366783,1195800
2019-10-31,86.820000,87.949997,86.120003,86.230003,85.908501,1186900
2019-11-01,86.239998,87.070000,85.220001,85.330002,85.011856,936100
2019-11-04,85.489998,86.000000,84.970001,85.779999,85.460175,1225800
2019-11-05,85.849998,86.230003,82.760002,83.180000,82.869865,1368700
2019-11-06,83.110001,85.300003,82.680000,85.129997,84.812592,1302600
2019-11-07,85.669998,86.309998,85.279999,86.000000,85.679352,940500
2019-11-08,85.769997,87.199997,85.709999,87.199997,86.874878,962100
2019-11-11,86.400002,88.000000,86.400002,87.669998,87.343124,1131500
2019-11-12,87.489998,89.080002,87.489998,89.010002,88.678131,954400
2019-11-13,88.930000,90.190002,88.599998,89.489998,89.156342,779800
2019-11-14,89.620003,90.480003,89.279999,90.440002,90.102798,492700
2019-11-15,90.860001,91.459999,90.419998,91.029999,90.690598,814200
2019-11-18,90.559998,92.419998,90.559998,91.389999,91.049255,846600
2019-11-19,91.750000,92.419998,91.610001,91.709999,91.368065,994600
2019-11-20,91.360001,91.870003,90.760002,91.660004,91.318253,667300
2019-11-21,91.559998,91.989998,90.019997,90.050003,89.714256,716200
2019-11-22,90.080002,90.349998,87.919998,88.500000,88.170029,1120500
2019-11-25,88.680000,90.110001,88.580002,90.029999,89.694328,1005900
2019-11-26,90.019997,90.760002,90.000000,90.709999,90.371788,897300
2019-11-27,90.980003,91.050003,90.250000,90.980003,90.640785,529800
2019-11-29,90.930000,91.190002,90.379997,90.839996,90.501305,278800
2019-12-02,90.639999,90.730003,88.809998,89.849998,89.514999,763200
2019-12-03,88.720001,89.809998,88.389999,89.660004,89.325714,1127400
2019-12-04,89.790001,90.760002,89.120003,89.739998,89.405403,824900
2019-12-05,89.919998,90.169998,89.410004,89.949997,89.614624,523100
2019-12-06,90.470001,90.849998,89.330002,90.680000,90.341904,727500
2019-12-09,90.589996,91.070000,90.080002,90.099998,89.764069,934100
2019-12-10,90.220001,90.489998,89.500000,89.639999,89.305779,471200
2019-12-11,91.110001,92.129997,89.120003,92.080002,91.736687,1395800
2019-12-12,91.900002,91.900002,90.419998,91.190002,90.850006,1218000
2019-12-13,90.599998,92.040001,90.029999,91.839996,91.839996,573800
2019-12-16,92.440002,92.500000,91.400002,91.639999,91.639999,1403300
2019-12-17,91.620003,92.040001,90.989998,91.529999,91.529999,586600
2019-12-18,93.459999,96.099998,93.360001,95.680000,95.680000,1944700
2019-12-19,95.440002,96.550003,94.360001,96.279999,96.279999,1337500
2019-12-20,97.239998,98.029999,96.269997,98.010002,98.010002,2215000
2019-12-23,98.389999,98.660004,97.230003,97.820000,97.820000,731500
2019-12-24,97.570000,98.339996,97.570000,98.029999,98.029999,249500
2019-12-26,97.949997,98.760002,97.949997,98.529999,98.529999,509700
2019-12-27,98.709999,98.720001,97.570000,98.230003,98.230003,595900
2019-12-30,98.129997,98.220001,97.129997,98.070000,98.070000,608600
2019-12-31,97.709999,98.709999,97.570000,97.889999,97.889999,625600
2020-01-02,98.440002,98.639999,97.820000,98.620003,98.620003,793600
2020-01-03,97.540001,99.870003,97.410004,99.480003,99.480003,1031000
2020-01-06,99.000000,100.440002,98.680000,100.360001,100.360001,799500
2020-01-07,99.910004,100.769997,99.699997,99.989998,99.989998,483900
2020-01-08,99.989998,101.080002,99.809998,99.870003,99.870003,1058400
2020-01-09,99.849998,101.459999,99.750000,101.080002,101.080002,762700
2020-01-10,101.470001,101.629997,100.930000,101.019997,101.019997,533800
2020-01-13,101.410004,101.820000,100.830002,101.150002,101.150002,869600
2020-01-14,101.449997,101.570000,100.730003,100.790001,100.790001,604500
2020-01-15,101.120003,102.419998,100.760002,102.139999,102.139999,898800
2020-01-16,102.610001,102.680000,101.559998,102.290001,102.290001,592700
2020-01-17,102.410004,103.470001,102.110001,103.389999,103.389999,683100
2020-01-21,102.930000,103.690002,102.849998,103.269997,103.269997,631300
2020-01-22,104.010002,104.360001,102.150002,102.470001,102.470001,932600
2020-01-23,102.550003,102.830002,101.570000,102.629997,102.629997,791000
2020-01-24,102.790001,102.949997,101.180000,101.620003,101.620003,625300
2020-01-27,100.150002,101.370003,99.300003,100.769997,100.769997,604100
2020-01-28,101.269997,102.809998,100.959999,102.309998,102.309998,511700
2020-01-29,102.650002,102.870003,101.680000,101.830002,101.830002,546900
2020-01-30,101.269997,102.699997,100.529999,102.580002,102.580002,531400
2020-01-31,102.570000,102.739998,100.379997,100.470001,100.470001,900300
